Date,BlackRock 60/40
2010-06-30,5.487205
2010-07-01,5.47403
2010-07-02,5.47403
2010-07-06,5.467444
2010-07-07,5.612363
2010-07-08,5.651887
2010-07-09,5.691411
2010-07-12,5.678236
2010-07-13,5.763872
2010-07-14,5.770458
2010-07-15,5.770458
2010-07-16,5.625538
2010-07-19,5.651887
2010-07-20,5.717761
2010-07-21,5.658475
2010-07-22,5.770458
2010-07-23,5.809982
2010-07-26,5.869267
2010-07-27,5.869267
2010-07-28,5.809982
2010-07-29,5.790221
2010-07-30,5.796807
2010-08-02,5.908792
2010-08-03,5.882443
2010-08-04,5.915378
2010-08-05,5.915378
2010-08-06,5.889029
2010-08-09,5.915378
2010-08-10,5.86268
2010-08-11,5.711174
2010-08-12,5.691411
2010-08-13,5.678236
2010-08-16,5.691411
2010-08-17,5.750697
2010-08-18,5.763872
2010-08-19,5.691411
2010-08-20,5.678236
2010-08-23,5.645299
2010-08-24,5.57284
2010-08-25,5.57284
2010-08-26,5.559665
2010-08-27,5.638714
2010-08-30,5.57284
2010-08-31,5.579428
2010-09-01,5.711174
2010-09-02,5.763872
2010-09-03,5.763872
2010-09-07,5.823156
2010-09-08,5.770458
2010-09-09,5.809982
2010-09-10,5.829744
2010-09-13,5.908792
2010-09-14,5.915378
2010-09-15,5.928553
2010-09-16,5.921966
2010-09-17,5.921966
2010-09-20,6.007601
2010-09-21,5.994426
2010-09-22,5.968077
2010-09-23,5.935141
2010-09-24,6.040537
2010-09-27,6.020775
2010-09-28,6.053712
2010-09-29,6.060299
2010-09-30,6.053712
2010-10-01,6.08006
2010-10-04,6.08006
2010-10-05,6.145934
2010-10-06,6.145934
2010-10-07,6.15252
2010-10-08,6.185458
2010-10-11,6.192044
2010-10-12,6.211806
2010-10-13,6.257917
2010-10-14,6.238156
2010-10-15,6.244742
2010-10-18,6.271092
2010-10-19,6.165696
2010-10-20,6.224981
2010-10-21,6.224981
2010-10-22,6.238156
2010-10-25,6.271092
2010-10-26,6.257917
2010-10-27,6.238156
2010-10-28,6.25133
2010-10-29,6.264505
2010-11-01,6.271092
2010-11-02,6.317203
2010-11-03,6.336965
2010-11-04,6.448948
2010-11-05,6.46871
2010-11-08,6.462123
2010-11-09,6.416011
2010-11-10,6.44236
2010-11-11,6.44236
2010-11-12,6.35014
2010-11-15,6.35014
2010-11-16,6.35014
2010-11-17,6.25133
2010-11-18,6.343551
2010-11-19,6.369901
2010-11-22,6.369901
2010-11-23,6.284266
2010-11-24,6.284266
2010-11-26,6.284266
2010-11-29,6.284266
2010-11-30,6.277679
2010-12-01,6.39625
2010-12-02,6.39625
2010-12-03,6.481886
2010-12-06,6.514822
2010-12-07,6.514822
2010-12-08,6.514822
2010-12-09,6.514822
2010-12-10,6.514822
2010-12-13,6.514822
2010-12-14,6.514822
2010-12-15,6.514822
2010-12-16,6.514822
2010-12-17,6.514822
2010-12-20,6.514822
2010-12-21,6.514822
2010-12-22,6.514822
2010-12-23,6.514822
2010-12-27,6.514822
2010-12-28,6.61108
2010-12-29,6.657872
2010-12-30,6.657872
2010-12-31,6.657872
2011-01-03,6.657872
2011-01-04,6.69798
2011-01-05,6.69798
2011-01-06,6.711349
2011-01-07,6.711349
2011-01-10,6.711349
2011-01-11,6.711349
2011-01-12,6.711349
2011-01-13,6.711349
2011-01-14,6.711349
2011-01-18,6.824987
2011-01-19,6.764825
2011-01-20,6.764825
2011-01-21,6.764825
2011-01-24,6.764825
2011-01-25,6.764825
2011-01-26,6.764825
2011-01-27,6.824987
2011-01-28,6.824987
2011-01-31,6.711349
2011-02-01,6.758141
2011-02-02,6.84504
2011-02-03,6.84504
2011-02-04,6.878464
2011-02-07,6.878464
2011-02-08,6.878464
2011-02-09,6.918572
2011-02-10,6.931941
2011-02-11,6.972048
2011-02-14,6.992102
2011-02-15,6.972048
2011-02-16,6.992102
2011-02-17,6.992102
2011-02-18,6.992102
2011-02-22,6.905203
2011-02-23,6.851726
2011-02-24,6.858409
2011-02-25,6.858409
2011-02-28,6.972048
2011-03-01,6.878464
2011-03-02,6.878464
2011-03-03,6.878464
2011-03-04,6.972048
2011-03-07,6.905203
2011-03-08,6.951995
2011-03-09,6.931941
2011-03-10,6.951995
2011-03-11,6.851726
2011-03-14,6.811617
2011-03-15,6.751457
2011-03-16,6.657872
2011-03-17,6.724719
2011-03-18,6.758141
2011-03-21,6.851726
2011-03-22,6.831671
2011-03-23,6.851726
2011-03-24,6.918572
2011-03-25,6.931941
2011-03-28,6.918572
2011-03-29,6.918572
2011-03-30,6.958681
2011-03-31,7.012156
2011-04-01,7.038894
2011-04-04,7.038894
2011-04-05,7.05895
2011-04-06,7.065632
2011-04-07,7.052263
2011-04-08,7.052263
2011-04-11,7.005471
2011-04-12,7.005471
2011-04-13,6.965364
2011-04-14,6.972048
2011-04-15,6.972048
2011-04-18,6.938626
2011-04-19,6.958681
2011-04-20,7.05895
2011-04-21,7.05895
2011-04-25,7.092372
2011-04-26,7.132479
2011-04-27,7.172586
2011-04-28,7.185956
2011-04-29,7.212695
2011-05-02,7.212695
2011-05-03,7.192641
2011-05-04,7.099058
2011-05-05,7.05895
2011-05-06,7.085688
2011-05-09,7.125794
2011-05-10,7.172586
2011-05-11,7.105741
2011-05-12,7.125794
2011-05-13,7.125794
2011-05-16,7.025526
2011-05-17,7.012156
2011-05-18,7.079002
2011-05-19,7.092372
2011-05-20,7.052263
2011-05-23,6.965364
2011-05-24,6.965364
2011-05-25,6.992102
2011-05-26,7.032211
2011-05-27,7.032211
2011-05-31,7.125794
2011-06-01,7.125794
2011-06-02,6.998787
2011-06-03,6.945311
2011-06-06,6.878464
2011-06-07,6.885149
2011-06-08,6.838356
2011-06-09,6.878464
2011-06-10,6.791564
2011-06-13,6.791564
2011-06-14,6.858409
2011-06-15,6.764825
2011-06-16,6.751457
2011-06-17,6.764825
2011-06-20,6.784879
2011-06-21,6.878464
2011-06-22,6.851726
2011-06-23,6.851726
2011-06-24,6.791564
2011-06-27,6.831671
2011-06-28,6.898517
2011-06-29,6.945311
2011-06-30,6.945311
2011-07-01,7.005471
2011-07-05,7.085688
2011-07-06,7.085688
2011-07-07,7.145847
2011-07-08,7.145847
2011-07-11,7.005471
2011-07-12,6.972048
2011-07-13,7.005471
2011-07-14,6.958681
2011-07-15,6.958681
2011-07-18,6.958681
2011-07-19,6.958681
2011-07-20,7.025526
2011-07-21,7.085688
2011-07-22,7.105741
2011-07-25,7.105741
2011-07-26,7.065632
2011-07-27,6.925256
2011-07-28,6.925256
2011-07-29,6.898517
2011-08-01,6.871779
2011-08-02,6.731402
2011-08-03,6.751457
2011-08-04,6.470703
2011-08-05,6.437279
2011-08-08,6.082996
2011-08-09,6.316957
2011-08-10,6.316957
2011-08-11,6.323642
2011-08-12,6.357064
2011-08-15,6.477387
2011-08-16,6.423911
2011-08-17,6.430595
2011-08-18,6.189949
2011-08-19,6.10305
2011-08-22,6.10305
2011-08-23,6.26348
2011-08-24,6.290219
2011-08-25,6.290219
2011-08-26,6.303588
2011-08-29,6.450648
2011-08-30,6.470703
2011-08-31,6.51081
2011-09-01,6.464018
2011-09-02,6.343695
2011-09-06,6.283534
2011-09-07,6.430595
2011-09-08,6.370434
2011-09-09,6.243426
2011-09-12,6.250111
2011-09-13,6.296903
2011-09-14,6.357064
2011-09-15,6.430595
2011-09-16,6.450648
2011-09-19,6.403856
2011-09-20,6.377119
2011-09-21,6.243426
2011-09-22,6.076311
2011-09-23,6.096365
2011-09-26,6.169895
2011-09-27,6.236742
2011-09-28,6.129788
2011-09-29,6.16321
2011-09-30,6.16321
2011-10-03,5.902512
2011-10-04,5.989411
2011-10-05,6.069626
2011-10-06,6.169895
2011-10-07,6.136473
2011-10-10,6.290219
2011-10-11,6.303588
2011-10-12,6.357064
2011-10-13,6.363749
2011-10-14,6.443965
2011-10-17,6.343695
2011-10-18,6.430595
2011-10-19,6.363749
2011-10-20,6.377119
2011-10-21,6.477387
2011-10-24,6.570972
2011-10-25,6.484072
2011-10-26,6.537548
2011-10-27,6.718033
2011-10-28,6.724719
2011-10-31,6.584342
2011-11-01,6.450648
2011-11-02,6.450648
2011-11-03,6.617764
2011-11-04,6.597711
2011-11-07,6.617764
2011-11-08,6.664557
2011-11-09,6.477387
2011-11-10,6.477387
2011-11-11,6.477387
2011-11-14,6.557603
2011-11-15,6.570972
2011-11-16,6.490757
2011-11-17,6.410541
2011-11-18,6.403856
2011-11-21,6.403856
2011-11-22,6.290219
2011-11-23,6.290219
2011-11-25,6.156527
2011-11-28,6.303588
2011-11-29,6.316957
2011-11-30,6.517494
2011-12-01,6.51081
2011-12-02,6.517494
2011-12-05,6.564287
2011-12-06,6.557603
2011-12-07,6.564287
2011-12-08,6.457335
2011-12-09,6.537548
2011-12-12,6.450648
2011-12-13,6.397172
2011-12-14,6.33701
2011-12-15,6.357064
2011-12-16,6.377119
2011-12-19,6.377119
2011-12-20,6.457335
2011-12-21,6.457335
2011-12-22,6.51081
2011-12-23,6.544233
2011-12-27,6.55105
2011-12-28,6.482882
2011-12-29,6.537416
2011-12-30,6.5306
2012-01-03,6.5306
2012-01-04,6.619219
2012-01-05,6.626037
2012-01-06,6.612403
2012-01-09,6.632853
2012-01-10,6.68739
2012-01-11,6.68739
2012-01-12,6.707839
2012-01-13,6.680571
2012-01-17,6.714657
2012-01-18,6.789643
2012-01-19,6.81691
2012-01-20,6.823728
2012-01-23,6.830544
2012-01-24,6.830544
2012-01-25,6.885079
2012-01-26,6.864629
2012-01-27,6.878263
2012-01-30,6.850995
2012-01-31,6.850995
2012-02-01,6.939615
2012-02-02,6.946431
2012-02-03,7.028234
2012-02-06,7.021417
2012-02-07,7.035051
2012-02-08,7.048686
2012-02-09,7.048686
2012-02-10,7.007783
2012-02-13,7.062318
2012-02-14,7.055502
2012-02-15,7.041868
2012-02-16,7.10322
2012-02-17,7.110037
2012-02-21,7.110037
2012-02-22,7.10322
2012-02-23,7.130487
2012-02-24,7.144121
2012-02-27,7.144121
2012-02-28,7.164572
2012-02-29,7.130487
2012-03-01,7.17139
2012-03-02,7.144121
2012-03-05,7.10322
2012-03-06,6.99415
2012-03-07,7.035051
2012-03-08,7.116854
2012-03-09,7.130487
2012-03-12,7.123671
2012-03-13,7.123671
2012-03-14,7.19184
2012-03-15,7.232741
2012-03-16,7.232741
2012-03-19,7.239559
2012-03-20,7.219107
2012-03-21,7.212291
2012-03-22,7.17139
2012-03-23,7.19184
2012-03-26,7.280459
2012-03-27,7.253192
2012-03-28,7.219107
2012-03-29,7.212291
2012-03-30,7.225925
2012-04-02,7.280459
2012-04-03,7.246376
2012-04-04,7.164572
2012-04-05,7.157755
2012-04-09,7.096404
2012-04-10,6.99415
2012-04-11,7.041868
2012-04-12,7.130487
2012-04-13,7.055502
2012-04-16,7.055502
2012-04-17,7.137305
2012-04-18,7.116854
2012-04-19,7.096404
2012-04-20,7.10322
2012-04-23,7.055502
2012-04-24,7.062318
2012-04-25,7.144121
2012-04-26,7.178206
2012-04-27,7.205473
2012-04-30,7.178206
2012-05-01,7.205473
2012-05-02,7.198658
2012-05-03,7.130487
2012-05-04,7.035051
2012-05-07,7.035051
2012-05-08,6.99415
2012-05-09,6.953249
2012-05-10,6.966883
2012-05-11,6.953249
2012-05-14,6.878263
2012-05-15,6.837361
2012-05-16,6.79646
2012-05-17,6.701022
2012-05-18,6.653304
2012-05-21,6.748741
2012-05-22,6.741925
2012-05-23,6.741925
2012-05-24,6.741925
2012-05-25,6.741925
2012-05-29,6.79646
2012-05-30,6.707839
2012-05-31,6.694205
2012-06-01,6.557868
2012-06-04,6.55105
2012-06-05,6.591952
2012-06-06,6.714657
2012-06-07,6.707839
2012-06-08,6.741925
2012-06-11,6.666938
2012-06-12,6.735106
2012-06-13,6.694205
2012-06-14,6.748741
2012-06-15,6.803276
2012-06-18,6.81691
2012-06-19,6.885079
2012-06-20,6.885079
2012-06-21,6.755558
2012-06-22,6.79646
2012-06-25,6.707839
2012-06-26,6.72829
2012-06-27,6.782825
2012-06-28,6.769192
2012-06-29,6.769192
2012-07-02,6.939615
2012-07-03,6.99415
2012-07-05,6.966883
2012-07-06,6.905531
2012-07-09,6.891895
2012-07-10,6.844177
2012-07-11,6.844177
2012-07-12,6.810092
2012-07-13,6.891895
2012-07-16,6.885079
2012-07-17,6.919164
2012-07-18,6.960064
2012-07-19,6.987333
2012-07-20,6.925981
2012-07-23,6.857812
2012-07-24,6.803276
2012-07-25,6.810092
2012-07-26,6.905531
2012-07-27,7.021417
2012-07-30,7.014601
2012-07-31,6.99415
2012-08-01,6.966883
2012-08-02,6.925981
2012-08-03,7.041868
2012-08-06,7.028234
2012-08-07,7.10322
2012-08-08,7.110037
2012-08-09,7.123671
2012-08-10,7.137305
2012-08-13,7.123671
2012-08-14,7.116854
2012-08-15,7.123671
2012-08-16,7.17139
2012-08-17,7.185023
2012-08-20,7.185023
2012-08-21,7.185023
2012-08-22,7.178206
2012-08-23,7.137305
2012-08-24,7.164572
2012-08-27,7.157755
2012-08-28,7.157755
2012-08-29,7.157755
2012-08-30,7.110037
2012-08-31,7.150938
2012-09-04,7.144121
2012-09-05,7.144121
2012-09-06,7.266824
2012-09-07,7.307728
2012-09-10,7.266824
2012-09-11,7.294093
2012-09-12,7.314544
2012-09-13,7.409981
2012-09-14,7.450883
2012-09-17,7.423615
2012-09-18,7.416798
2012-09-19,7.430431
2012-09-20,7.416798
2012-09-21,7.430431
2012-09-24,7.409981
2012-09-25,7.348628
2012-09-26,7.314544
2012-09-27,7.375897
2012-09-28,7.341812
2012-10-01,7.362263
2012-10-02,7.36908
2012-10-03,7.382713
2012-10-04,7.430431
2012-10-05,7.430431
2012-10-08,7.396347
2012-10-09,7.334995
2012-10-10,7.300911
2012-10-11,7.314544
2012-10-12,7.300911
2012-10-15,7.341812
2012-10-16,7.403164
2012-10-17,7.430431
2012-10-18,7.403164
2012-10-19,7.314544
2012-10-22,7.314544
2012-10-23,7.239559
2012-10-24,7.225925
2012-10-25,7.239559
2012-10-26,7.232741
2012-10-31,7.232741
2012-11-01,7.307728
2012-11-02,7.253192
2012-11-05,7.273643
2012-11-06,7.314544
2012-11-07,7.198658
2012-11-08,7.130487
2012-11-09,7.137305
2012-11-12,7.144121
2012-11-13,7.116854
2012-11-14,7.116854
2012-11-15,7.021417
2012-11-16,7.048686
2012-11-19,7.157755
2012-11-20,7.164572
2012-11-21,7.185023
2012-11-23,7.266824
2012-11-26,7.266824
2012-11-27,7.232741
2012-11-28,7.280459
2012-11-29,7.321361
2012-11-30,7.321361
2012-12-03,7.321361
2012-12-04,7.300911
2012-12-05,7.307728
2012-12-06,7.328179
2012-12-07,7.334995
2012-12-10,7.334995
2012-12-11,7.382713
2012-12-12,7.382713
2012-12-13,7.348628
2012-12-14,7.341812
2012-12-17,7.341812
2012-12-18,7.4577
2012-12-19,7.4577
2012-12-20,7.4577
2012-12-21,7.403164
2012-12-24,7.389531
2012-12-26,7.533388
2012-12-27,7.373546
2012-12-28,7.31795
2012-12-31,7.408293
2013-01-02,7.547287
2013-01-03,7.526437
2013-01-04,7.561186
2013-01-07,7.547287
2013-01-08,7.526437
2013-01-09,7.554236
2013-01-10,7.595935
2013-01-11,7.595935
2013-01-14,7.595935
2013-01-15,7.602884
2013-01-16,7.588984
2013-01-17,7.588984
2013-01-18,7.644582
2013-01-22,7.644582
2013-01-23,7.665431
2013-01-24,7.665431
2013-01-25,7.686281
2013-01-28,7.686281
2013-01-29,7.707128
2013-01-30,7.727978
2013-01-31,7.693229
2013-02-01,7.693229
2013-02-04,7.762725
2013-02-05,7.762725
2013-02-06,7.734927
2013-02-07,7.707128
2013-02-08,7.707128
2013-02-11,7.734927
2013-02-12,7.734927
2013-02-13,7.762725
2013-02-14,7.762725
2013-02-15,7.762725
2013-02-19,7.762725
2013-02-20,7.727978
2013-02-21,7.727978
2013-02-22,7.734927
2013-02-25,7.616784
2013-02-26,7.651532
2013-02-27,7.727978
2013-02-28,7.727978
2013-03-01,7.727978
2013-03-04,7.727978
2013-03-05,7.83917
2013-03-06,7.83917
2013-03-07,7.84612
2013-03-08,7.887819
2013-03-11,7.908668
2013-03-12,7.908668
2013-03-13,7.894768
2013-03-14,7.936466
2013-03-15,7.929516
2013-03-18,7.929516
2013-03-19,7.887819
2013-03-20,7.866969
2013-03-21,7.908668
2013-03-22,7.85307
2013-03-25,7.880869
2013-03-26,7.85307
2013-03-27,7.894768
2013-03-28,7.929516
2013-04-01,7.929516
2013-04-02,7.922566
2013-04-03,7.922566
2013-04-04,7.85307
2013-04-05,7.84612
2013-04-08,7.894768
2013-04-09,7.901718
2013-04-10,7.992064
2013-04-11,7.992064
2013-04-12,7.999012
2013-04-15,7.832222
2013-04-16,7.929516
2013-04-17,7.818322
2013-04-18,7.776624
2013-04-19,7.832222
2013-04-22,7.86002
2013-04-23,7.936466
2013-04-24,7.971214
2013-04-25,7.999012
2013-04-26,7.985113
2013-04-29,8.03376
2013-04-30,8.054609
2013-05-01,7.992064
2013-05-02,8.047659
2013-05-03,8.117155
2013-05-06,8.131055
2013-05-07,8.179703
2013-05-08,8.2214
2013-05-09,8.186651
2013-05-10,8.214449
2013-05-13,8.214449
2013-05-14,8.283946
2013-05-15,8.325644
2013-05-16,8.290897
2013-05-17,8.360393
2013-05-20,8.360393
2013-05-21,8.388191
2013-05-22,8.311746
2013-05-23,8.276997
2013-05-24,8.263099
2013-05-28,8.311746
2013-05-29,8.256148
2013-05-30,8.290897
2013-05-31,8.186651
2013-06-03,8.2214
2013-06-04,8.179703
2013-06-05,8.082407
2013-06-06,8.138004
2013-06-07,8.228351
2013-06-10,8.228351
2013-06-11,8.144954
2013-06-12,8.103256
2013-06-13,8.186651
2013-06-14,8.151904
2013-06-17,8.207501
2013-06-18,8.256148
2013-06-19,8.165803
2013-06-20,7.978162
2013-06-21,7.978162
2013-06-24,7.978162
2013-06-25,7.943415
2013-06-26,8.012912
2013-06-27,8.075459
2013-06-28,8.061559
2013-07-01,8.110207
2013-07-02,8.089357
2013-07-03,8.096307
2013-07-05,8.165803
2013-07-08,8.207501
2013-07-09,8.256148
2013-07-10,8.256148
2013-07-11,8.367341
2013-07-12,8.388191
2013-07-15,8.388191
2013-07-16,8.374292
2013-07-17,8.395141
2013-07-18,8.436837
2013-07-19,8.42989
2013-07-22,8.457687
2013-07-23,8.443788
2013-07-24,8.422939
2013-07-25,8.436837
2013-07-26,8.41599
2013-07-29,8.381241
2013-07-30,8.388191
2013-07-31,8.40209
2013-08-01,8.499385
2013-08-02,8.527184
2013-08-05,8.520233
2013-08-06,8.471586
2013-08-07,8.436837
2013-08-08,8.471586
2013-08-09,8.464637
2013-08-12,8.457687
2013-08-13,8.471586
2013-08-14,8.443788
2013-08-15,8.339543
2013-08-16,8.325644
2013-08-19,8.276997
2013-08-20,8.311746
2013-08-21,8.270046
2013-08-22,8.339543
2013-08-23,8.374292
2013-08-26,8.346494
2013-08-27,8.214449
2013-08-28,8.228351
2013-08-29,8.249197
2013-08-30,8.207501
2013-09-03,8.256148
2013-09-04,8.311746
2013-09-05,8.318695
2013-09-06,8.332593
2013-09-09,8.41599
2013-09-10,8.478536
2013-09-11,8.506334
2013-09-12,8.478536
2013-09-13,8.499385
2013-09-16,8.554982
2013-09-17,8.582781
2013-09-18,8.687025
2013-09-19,8.673125
2013-09-20,8.631428
2013-09-23,8.58973
2013-09-24,8.58973
2013-09-25,8.58973
2013-09-26,8.624478
2013-09-27,8.603628
2013-09-30,8.561932
2013-10-01,8.624478
2013-10-02,8.610579
2013-10-03,8.554982
2013-10-04,8.603628
2013-10-07,8.527184
2013-10-08,8.42989
2013-10-09,8.436837
2013-10-10,8.59668
2013-10-11,8.645327
2013-10-14,8.680074
2013-10-15,8.624478
2013-10-16,8.714825
2013-10-17,8.78432
2013-10-18,8.846866
2013-10-21,8.846866
2013-10-22,8.881615
2013-10-23,8.832966
2013-10-24,8.867715
2013-10-25,8.874663
2013-10-28,8.881615
2013-10-29,8.916362
2013-10-30,8.874663
2013-10-31,8.853817
2013-11-01,8.846866
2013-11-04,8.881615
2013-11-05,8.853817
2013-11-06,8.888564
2013-11-07,8.777369
2013-11-08,8.874663
2013-11-11,8.881615
2013-11-12,8.867715
2013-11-13,8.937211
2013-11-14,8.971958
2013-11-15,9.013657
2013-11-18,8.985859
2013-11-19,8.965009
2013-11-20,8.937211
2013-11-21,9.006707
2013-11-22,9.048406
2013-11-25,9.041455
2013-11-26,9.048406
2013-11-27,9.076203
2013-11-29,9.076203
2013-12-02,9.048406
2013-12-03,9.006707
2013-12-04,8.992807
2013-12-05,8.958059
2013-12-06,9.034505
2013-12-09,9.048406
2013-12-10,9.041455
2013-12-11,8.95111
2013-12-12,8.930261
2013-12-13,8.937211
2013-12-16,8.985859
2013-12-17,8.971958
2013-12-18,9.083152
2013-12-19,9.083152
2013-12-20,9.117901
2013-12-23,9.173497
2013-12-24,9.187398
2013-12-26,9.224095
2013-12-27,9.231153
2013-12-30,9.238211
2013-12-31,9.238211
2014-01-02,9.273499
2014-01-03,9.195866
2014-01-06,9.195866
2014-01-07,9.188809
2014-01-08,9.24527
2014-01-09,9.24527
2014-01-10,9.252325
2014-01-13,9.294671
2014-01-14,9.195866
2014-01-15,9.280556
2014-01-16,9.322901
2014-01-17,9.315843
2014-01-21,9.315843
2014-01-22,9.315843
2014-01-23,9.322901
2014-01-24,9.252325
2014-01-27,9.012372
2014-01-28,9.012372
2014-01-29,9.082948
2014-01-30,9.005315
2014-01-31,9.082948
2014-02-03,9.026487
2014-02-04,8.857108
2014-02-05,8.906511
2014-02-06,9.005315
2014-02-07,9.005315
2014-02-10,9.104118
2014-02-11,9.111176
2014-02-12,9.188809
2014-02-13,9.202924
2014-02-14,9.24527
2014-02-18,9.273499
2014-02-19,9.252325
2014-02-20,9.294671
2014-02-21,9.294671
2014-02-24,9.294671
2014-02-25,9.344072
2014-02-26,9.337015
2014-02-27,9.337015
2014-02-28,9.372303
2014-03-03,9.393475
2014-03-04,9.301728
2014-03-05,9.43582
2014-03-06,9.43582
2014-03-07,9.471107
2014-03-10,9.456992
2014-03-11,9.393475
2014-03-12,9.393475
2014-03-13,9.386417
2014-03-14,9.280556
2014-03-17,9.259382
2014-03-18,9.400533
2014-03-19,9.344072
2014-03-20,9.37936
2014-03-21,9.337015
2014-03-24,9.301728
2014-03-25,9.315843
2014-03-26,9.266441
2014-03-27,9.24527
2014-03-28,9.287612
2014-03-31,9.358188
2014-04-01,9.421705
2014-04-02,9.449935
2014-04-03,9.421705
2014-04-04,9.315843
2014-04-07,9.217039
2014-04-08,9.231153
2014-04-09,9.329959
2014-04-10,9.153522
2014-04-11,9.068831
2014-04-14,9.125292
2014-04-15,9.160579
2014-04-16,9.24527
2014-04-17,9.259382
2014-04-21,9.287612
2014-04-22,9.337015
2014-04-23,9.315843
2014-04-24,9.315843
2014-04-25,9.231153
2014-04-28,9.24527
2014-04-29,9.287612
2014-04-30,9.315843
2014-05-01,9.337015
2014-05-02,9.329959
2014-05-05,9.337015
2014-05-06,9.266441
2014-05-07,9.294671
2014-05-08,9.273499
2014-05-09,9.294671
2014-05-12,9.37936
2014-05-13,9.372303
2014-05-14,9.337015
2014-05-15,9.273499
2014-05-16,9.301728
2014-05-19,9.337015
2014-05-20,9.280556
2014-05-21,9.35113
2014-05-22,9.37936
2014-05-23,9.37936
2014-05-27,9.471107
2014-05-28,9.456992
2014-05-29,9.499336
2014-05-30,9.506394
2014-06-02,9.52051
2014-06-03,9.513453
2014-06-04,9.527566
2014-06-05,9.584026
2014-06-06,9.626371
2014-06-09,9.633429
2014-06-10,9.626371
2014-06-11,9.598142
2014-06-12,9.562854
2014-06-13,9.569912
2014-06-16,9.569912
2014-06-17,9.598142
2014-06-18,9.654601
2014-06-19,9.661657
2014-06-20,9.68283
2014-06-23,9.675774
2014-06-24,9.612256
2014-06-25,9.654601
2014-06-26,9.647545
2014-06-27,9.668715
2014-06-30,9.668715
2014-07-01,9.746347
2014-07-02,9.753405
2014-07-03,9.753405
2014-07-07,9.732234
2014-07-08,9.661657
2014-07-09,9.696946
2014-07-10,9.640485
2014-07-11,9.654601
2014-07-14,9.704004
2014-07-15,9.68283
2014-07-16,9.718119
2014-07-17,9.619313
2014-07-18,9.696946
2014-07-21,9.675774
2014-07-22,9.725175
2014-07-23,9.746347
2014-07-24,9.753405
2014-07-25,9.718119
2014-07-28,9.718119
2014-07-29,9.689887
2014-07-30,9.704004
2014-07-31,9.541682
2014-08-01,9.499336
2014-08-04,9.548738
2014-08-05,9.471107
2014-08-06,9.456992
2014-08-07,9.407589
2014-08-08,9.485222
2014-08-11,9.52051
2014-08-12,9.499336
2014-08-13,9.555797
2014-08-14,9.591083
2014-08-15,9.591083
2014-08-18,9.661657
2014-08-19,9.696946
2014-08-20,9.711061
2014-08-21,9.739291
2014-08-22,9.725175
2014-08-25,9.767521
2014-08-26,9.781634
2014-08-27,9.781634
2014-08-28,9.760463
2014-08-29,9.788693
2014-09-02,9.795751
2014-09-03,9.795751
2014-09-04,9.774577
2014-09-05,9.802808
2014-09-08,9.781634
2014-09-09,9.732234
2014-09-10,9.767521
2014-09-11,9.767521
2014-09-12,9.774577
2014-09-15,9.711061
2014-09-16,9.767521
2014-09-17,9.767521
2014-09-18,9.82398
2014-09-19,9.802808
2014-09-22,9.732234
2014-09-23,9.675774
2014-09-24,9.746347
2014-09-25,9.612256
2014-09-26,9.68283
2014-09-29,9.654601
2014-09-30,9.619313
2014-10-01,9.499336
2014-10-02,9.478164
2014-10-03,9.562854
2014-10-06,9.541682
2014-10-07,9.414648
2014-10-08,9.541682
2014-10-09,9.358188
2014-10-10,9.224095
2014-10-13,9.104118
2014-10-14,9.125292
2014-10-15,9.061774
2014-10-16,9.061774
2014-10-17,9.181752
2014-10-20,9.231153
2014-10-21,9.393475
2014-10-22,9.344072
2014-10-23,9.46405
2014-10-24,9.52051
2014-10-27,9.499336
2014-10-28,9.612256
2014-10-29,9.598142
2014-10-30,9.654601
2014-10-31,9.654601
2014-11-03,9.774577
2014-11-04,9.746347
2014-11-05,9.795751
2014-11-06,9.816923
2014-11-07,9.809864
2014-11-10,9.831037
2014-11-11,9.859267
2014-11-12,9.845152
2014-11-13,9.85221
2014-11-14,9.859267
2014-11-17,9.845152
2014-11-18,9.908669
2014-11-19,9.887498
2014-11-20,9.908669
2014-11-21,9.958071
2014-11-24,10.000417
2014-11-25,9.993359
2014-11-26,9.993359
2014-11-28,9.943956
2014-12-01,9.887498
2014-12-02,9.936899
2014-12-03,9.979245
2014-12-04,9.965128
2014-12-05,9.993359
2014-12-08,9.915727
2014-12-09,9.908669
2014-12-10,9.760463
2014-12-11,9.781634
2014-12-12,9.647545
2014-12-15,9.576968
2014-12-16,9.527566
2014-12-17,9.696946
2014-12-18,9.696946
2014-12-19,9.965128
2014-12-22,9.986301
2014-12-23,9.993359
2014-12-24,9.993359
2014-12-26,10.035705
2014-12-29,10.025561
2014-12-30,10.025561
2014-12-31,9.970947
2015-01-02,9.892927
2015-01-05,9.729086
2015-01-06,9.627659
2015-01-07,9.705679
2015-01-08,9.861718
2015-01-09,9.799303
2015-01-12,9.729086
2015-01-13,9.721283
2015-01-14,9.721283
2015-01-15,9.612055
2015-01-16,9.71348
2015-01-20,9.752491
2015-01-21,9.799303
2015-01-22,9.916333
2015-01-23,9.900728
2015-01-26,9.94754
2015-01-27,9.877322
2015-01-28,9.760293
2015-01-29,9.822709
2015-01-30,9.729086
2015-02-02,9.814907
2015-02-03,9.931936
2015-02-04,9.900728
2015-02-05,9.986551
2015-02-06,9.963144
2015-02-09,9.931936
2015-02-10,10.002155
2015-02-11,10.002155
2015-02-12,10.111383
2015-02-13,10.165997
2015-02-17,10.173798
2015-02-18,10.181602
2015-02-19,10.189404
2015-02-20,10.244017
2015-02-23,10.244017
2015-02-24,10.244017
2015-02-25,10.275226
2015-02-26,10.275226
2015-02-27,10.251819
2015-03-02,10.29863
2015-03-03,10.25962
2015-03-04,10.228412
2015-03-05,10.244017
2015-03-06,10.150393
2015-03-09,10.158195
2015-03-10,10.017758
2015-03-11,10.033362
2015-03-12,10.126987
2015-03-13,10.10358
2015-03-16,10.205007
2015-03-17,10.189404
2015-03-18,10.275226
2015-03-19,10.244017
2015-03-20,10.33764
2015-03-23,10.322037
2015-03-24,10.29863
2015-03-25,10.173798
2015-03-26,10.14259
2015-03-27,10.158195
2015-03-30,10.251819
2015-03-31,10.181602
2015-04-01,10.165997
2015-04-02,10.205007
2015-04-06,10.25962
2015-04-07,10.25962
2015-04-08,10.290828
2015-04-09,10.322037
2015-04-10,10.368848
2015-04-13,10.33764
2015-04-14,10.345442
2015-04-15,10.384452
2015-04-16,10.376651
2015-04-17,10.267422
2015-04-20,10.329839
2015-04-21,10.345442
2015-04-22,10.384452
2015-04-23,10.400056
2015-04-24,10.407859
2015-04-27,10.384452
2015-04-28,10.400056
2015-04-29,10.345442
2015-04-30,10.251819
2015-05-01,10.322037
2015-05-04,10.353244
2015-05-05,10.251819
2015-05-06,10.228412
2015-05-07,10.236215
2015-05-08,10.361047
2015-05-11,10.345442
2015-05-12,10.314235
2015-05-13,10.322037
2015-05-14,10.400056
2015-05-15,10.415661
2015-05-18,10.439066
2015-05-19,10.439066
2015-05-20,10.446868
2015-05-21,10.470274
2015-05-22,10.454669
2015-05-26,10.368848
2015-05-27,10.446868
2015-05-28,10.431265
2015-05-29,10.376651
2015-06-01,10.384452
2015-06-02,10.376651
2015-06-03,10.376651
2015-06-04,10.345442
2015-06-05,10.322037
2015-06-08,10.283026
2015-06-09,10.275226
2015-06-10,10.353244
2015-06-11,10.368848
2015-06-12,10.33764
2015-06-15,10.290828
2015-06-16,10.290828
2015-06-17,10.322037
2015-06-18,10.322037
2015-06-19,10.345442
2015-06-22,10.400056
2015-06-23,10.415661
2015-06-24,10.368848
2015-06-25,10.33764
2015-06-26,10.33764
2015-06-29,10.189404
2015-06-30,10.205007
2015-07-01,10.244017
2015-07-02,10.251819
2015-07-06,10.205007
2015-07-07,10.212809
2015-07-08,10.095778
2015-07-09,10.134789
2015-07-10,10.228412
2015-07-13,10.290828
2015-07-14,10.322037
2015-07-15,10.306434
2015-07-16,10.361047
2015-07-17,10.353244
2015-07-20,10.345442
2015-07-21,10.329839
2015-07-22,10.306434
2015-07-23,10.275226
2015-07-24,10.212809
2015-07-27,10.165997
2015-07-28,10.228412
2015-07-29,10.267422
2015-07-30,10.267422
2015-07-31,10.283026
2015-08-03,10.267422
2015-08-04,10.251819
2015-08-05,10.267422
2015-08-06,10.228412
2015-08-07,10.212809
2015-08-10,10.290828
2015-08-11,10.228412
2015-08-12,10.212809
2015-08-13,10.205007
2015-08-14,10.220613
2015-08-17,10.236215
2015-08-18,10.197205
2015-08-19,10.150393
2015-08-20,10.150393
2015-08-21,9.86952
2015-08-24,9.86952
2015-08-25,9.619858
2015-08-26,9.7837
2015-08-27,9.908531
2015-08-28,9.908531
2015-08-31,9.86952
2015-09-01,9.86952
2015-09-02,9.7837
2015-09-03,9.799303
2015-09-04,9.697878
2015-09-08,9.830512
2015-09-09,9.830512
2015-09-10,9.807104
2015-09-11,9.822709
2015-09-14,9.791501
2015-09-15,9.846115
2015-09-16,9.908531
2015-09-17,9.908531
2015-09-18,9.807104
2015-09-21,9.807104
2015-09-22,9.721283
2015-09-23,9.697878
2015-09-24,9.682273
2015-09-25,9.697878
2015-09-28,9.565244
2015-09-29,9.565244
2015-09-30,9.658866
2015-10-01,9.682273
2015-10-02,9.768095
2015-10-05,9.877322
2015-10-06,9.877322
2015-10-07,9.931936
2015-10-08,9.978748
2015-10-09,9.978748
2015-10-12,9.978748
2015-10-13,9.924135
2015-10-14,9.924135
2015-10-15,10.017758
2015-10-16,10.033362
2015-10-19,10.017758
2015-10-20,10.017758
2015-10-21,9.978748
2015-10-22,10.056769
2015-10-23,10.111383
2015-10-26,10.087976
2015-10-27,10.056769
2015-10-28,10.119184
2015-10-29,10.087976
2015-10-30,10.072372
2015-11-02,10.14259
2015-11-03,10.158195
2015-11-04,10.134789
2015-11-05,10.119184
2015-11-06,10.10358
2015-11-09,10.10358
2015-11-10,10.056769
2015-11-11,10.041164
2015-11-12,9.963144
2015-11-13,9.916333
2015-11-16,9.986551
2015-11-17,9.986551
2015-11-18,10.056769
2015-11-19,10.064569
2015-11-20,10.072372
2015-11-23,10.056769
2015-11-24,10.064569
2015-11-25,10.064569
2015-11-27,10.064569
2015-11-30,10.048965
2015-12-01,10.119184
2015-12-02,10.048965
2015-12-03,9.978748
2015-12-04,10.064569
2015-12-07,10.017758
2015-12-08,9.963144
2015-12-09,9.916333
2015-12-10,9.916333
2015-12-11,9.814907
2015-12-14,9.807104
2015-12-15,9.861718
2015-12-16,9.94754
2015-12-17,9.877322
2015-12-18,9.807104
2015-12-21,9.846115
2015-12-22,9.885126
2015-12-23,9.963144
2015-12-24,9.963144
2015-12-28,9.939739
2015-12-29,9.994352
2015-12-30,9.946377
2015-12-31,9.946377
2016-01-04,9.826437
2016-01-05,9.826437
2016-01-06,9.740767
2016-01-07,9.612262
2016-01-08,9.552292
2016-01-11,9.543726
2016-01-12,9.577992
2016-01-13,9.458054
2016-01-14,9.518022
2016-01-15,9.518022
2016-01-19,9.389517
2016-01-20,9.303846
2016-01-21,9.329548
2016-01-22,9.46662
2016-01-25,9.38095
2016-01-26,9.46662
2016-01-27,9.423785
2016-01-28,9.44092
2016-01-29,9.577992
2016-02-01,9.569426
2016-02-02,9.458054
2016-02-03,9.483754
2016-02-04,9.492321
2016-02-05,9.398085
2016-02-08,9.295279
2016-02-09,9.261011
2016-02-10,9.269578
2016-02-11,9.192474
2016-02-12,9.278146
2016-02-16,9.372382
2016-02-17,9.46662
2016-02-18,9.449487
2016-02-19,9.44092
2016-02-22,9.518022
2016-02-23,9.449487
2016-02-24,9.46662
2016-02-25,9.526591
2016-02-26,9.526591
2016-02-29,9.500889
2016-03-01,9.620828
2016-03-02,9.663664
2016-03-03,9.706498
2016-03-04,9.7322
2016-03-07,9.740767
2016-03-08,9.663664
2016-03-09,9.689363
2016-03-10,9.689363
2016-03-11,9.689363
2016-03-14,9.783603
2016-03-15,9.757901
2016-03-16,9.800736
2016-03-17,9.843572
2016-03-18,9.869273
2016-03-21,9.869273
2016-03-22,9.869273
2016-03-23,9.81787
2016-03-24,9.800736
2016-03-28,9.809304
2016-03-29,9.87784
2016-03-30,9.894975
2016-03-31,9.894975
2016-04-01,9.894975
2016-04-04,9.869273
2016-04-05,9.809304
2016-04-06,9.869273
2016-04-07,9.809304
2016-04-08,9.852139
2016-04-11,9.852139
2016-04-12,9.912108
2016-04-13,9.989213
2016-04-14,9.989213
2016-04-15,9.989213
2016-04-18,9.989213
2016-04-19,10.066316
2016-04-20,10.074883
2016-04-21,10.040616
2016-04-22,10.049181
2016-04-25,10.02348
2016-04-26,10.049181
2016-04-27,10.074883
2016-04-28,10.014913
2016-04-29,9.980645
2016-05-02,10.014913
2016-05-03,9.946377
2016-05-04,9.903542
2016-05-05,9.912108
2016-05-06,9.912108
2016-05-09,9.920676
2016-05-10,9.989213
2016-05-11,9.954944
2016-05-12,9.946377
2016-05-13,9.903542
2016-05-16,9.946377
2016-05-17,9.912108
2016-05-18,9.912108
2016-05-19,9.886407
2016-05-20,9.929243
2016-05-23,9.912108
2016-05-24,9.989213
2016-05-25,10.032048
2016-05-26,10.032048
2016-05-27,10.032048
2016-05-31,10.040616
2016-06-01,10.049181
2016-06-02,10.066316
2016-06-03,10.074883
2016-06-06,10.100585
2016-06-07,10.100585
2016-06-08,10.151988
2016-06-09,10.126286
2016-06-10,10.040616
2016-06-13,9.980645
2016-06-14,9.937809
2016-06-15,9.946377
2016-06-16,9.954944
2016-06-17,9.954944
2016-06-20,10.014913
2016-06-21,10.040616
2016-06-22,10.032048
2016-06-23,10.126286
2016-06-24,10.126286
2016-06-27,9.766468
2016-06-28,9.886407
2016-06-29,9.980645
2016-06-30,10.066316
2016-07-01,10.092016
2016-07-05,10.032048
2016-07-06,10.05775
2016-07-07,10.049181
2016-07-08,10.151988
2016-07-11,10.186255
2016-07-12,10.229091
2016-07-13,10.229091
2016-07-14,10.254792
2016-07-15,10.237658
2016-07-18,10.246225
2016-07-19,10.237658
2016-07-20,10.263358
2016-07-21,10.237658
2016-07-22,10.271925
2016-07-25,10.246225
2016-07-26,10.263358
2016-07-27,10.263358
2016-07-28,10.271925
2016-07-29,10.271925
2016-08-01,10.280493
2016-08-02,10.229091
2016-08-03,10.237658
2016-08-04,10.263358
2016-08-05,10.306194
2016-08-08,10.306194
2016-08-09,10.331895
2016-08-10,10.331895
2016-08-11,10.357596
2016-08-12,10.357596
2016-08-15,10.374731
2016-08-16,10.331895
2016-08-17,10.34903
2016-08-18,10.374731
2016-08-19,10.340463
2016-08-22,10.34903
2016-08-23,10.366165
2016-08-24,10.331895
2016-08-25,10.323329
2016-08-26,10.306194
2016-08-29,10.34903
2016-08-30,10.331895
2016-08-31,10.314761
2016-09-01,10.314761
2016-09-02,10.366165
2016-09-06,10.400433
2016-09-07,10.408998
2016-09-08,10.383297
2016-09-09,10.229091
2016-09-12,10.289061
2016-09-13,10.177689
2016-09-14,10.177689
2016-09-15,10.229091
2016-09-16,10.203388
2016-09-19,10.220523
2016-09-20,10.229091
2016-09-21,10.323329
2016-09-22,10.383297
2016-09-23,10.34903
2016-09-26,10.289061
2016-09-27,10.331895
2016-09-28,10.366165
2016-09-29,10.314761
2016-09-30,10.34903
2016-10-03,10.340463
2016-10-04,10.306194
2016-10-05,10.323329
2016-10-06,10.314761
2016-10-07,10.289061
2016-10-10,10.314761
2016-10-11,10.229091
2016-10-12,10.237658
2016-10-13,10.220523
2016-10-14,10.211957
2016-10-17,10.203388
2016-10-18,10.254792
2016-10-19,10.271925
2016-10-20,10.271925
2016-10-21,10.271925
2016-10-24,10.289061
2016-10-25,10.263358
2016-10-26,10.229091
2016-10-27,10.186255
2016-10-28,10.169121
2016-10-31,10.186255
2016-11-01,10.134852
2016-11-02,10.08345
2016-11-03,10.066316
2016-11-04,10.049181
2016-11-07,10.177689
2016-11-08,10.203388
2016-11-09,10.220523
2016-11-10,10.186255
2016-11-11,10.186255
2016-11-14,10.151988
2016-11-15,10.211957
2016-11-16,10.194821
2016-11-17,10.220523
2016-11-18,10.194821
2016-11-21,10.246225
2016-11-22,10.271925
2016-11-23,10.263358
2016-11-25,10.289061
2016-11-28,10.263358
2016-11-29,10.280493
2016-11-30,10.263358
2016-12-01,10.220523
2016-12-02,10.237658
2016-12-05,10.289061
2016-12-06,10.331895
2016-12-07,10.417566
2016-12-08,10.443267
2016-12-09,10.460402
2016-12-12,10.443267
2016-12-13,10.486103
2016-12-14,10.408998
2016-12-15,10.417566
2016-12-16,10.408998
2016-12-19,10.426133
2016-12-20,10.451835
2016-12-21,10.443267
2016-12-22,10.426133
2016-12-23,10.434701
2016-12-27,10.451835
2016-12-28,10.408998
2016-12-29,10.426133
2016-12-30,10.6092
2017-01-03,10.469721
2017-01-04,10.530743
2017-01-05,10.548179
2017-01-06,10.556896
2017-01-09,10.530743
2017-01-10,10.539461
2017-01-11,10.565613
2017-01-12,10.556896
2017-01-13,10.574331
2017-01-17,10.539461
2017-01-18,10.548179
2017-01-19,10.513309
2017-01-20,10.530743
2017-01-23,10.522026
2017-01-24,10.574331
2017-01-25,10.617919
2017-01-26,10.617919
2017-01-27,10.6092
2017-01-30,10.556896
2017-01-31,10.565613
2017-02-01,10.574331
2017-02-02,10.574331
2017-02-03,10.635353
2017-02-06,10.617919
2017-02-07,10.6092
2017-02-08,10.626636
2017-02-09,10.670223
2017-02-10,10.670223
2017-02-13,10.731246
2017-02-14,10.748681
2017-02-15,10.774833
2017-02-16,10.783551
2017-02-17,10.792268
2017-02-21,10.835855
2017-02-22,10.835855
2017-02-23,10.835855
2017-02-24,10.835855
2017-02-27,10.844573
2017-02-28,10.809703
2017-03-01,10.896878
2017-03-02,10.835855
2017-03-03,10.853291
2017-03-06,10.853291
2017-03-07,10.792268
2017-03-08,10.757399
2017-03-09,10.739964
2017-03-10,10.774833
2017-03-13,10.783551
2017-03-14,10.757399
2017-03-15,10.844573
2017-03-16,10.853291
2017-03-17,10.862009
2017-03-20,10.844573
2017-03-21,10.757399
2017-03-22,10.774833
2017-03-23,10.774833
2017-03-24,10.783551
2017-03-27,10.783551
2017-03-28,10.827138
2017-03-29,10.844573
2017-03-30,10.853291
2017-03-31,10.835855
2017-04-03,10.827138
2017-04-04,10.827138
2017-04-05,10.800987
2017-04-06,10.818421
2017-04-07,10.809703
2017-04-10,10.809703
2017-04-11,10.827138
2017-04-12,10.800987
2017-04-13,10.766116
2017-04-17,10.827138
2017-04-18,10.800987
2017-04-19,10.783551
2017-04-20,10.835855
2017-04-21,10.827138
2017-04-24,10.923031
2017-04-25,10.9579
2017-04-26,10.9579
2017-04-27,10.966619
2017-04-28,10.949184
2017-05-01,10.966619
2017-05-02,10.984053
2017-05-03,10.966619
2017-05-04,10.966619
2017-05-05,11.010207
2017-05-08,10.992771
2017-05-09,11.001488
2017-05-10,11.018924
2017-05-11,11.010207
2017-05-12,11.018924
2017-05-15,11.06251
2017-05-16,11.071229
2017-05-17,10.9579
2017-05-18,10.949184
2017-05-19,11.018924
2017-05-22,11.045076
2017-05-23,11.053794
2017-05-24,11.071229
2017-05-25,11.09738
2017-05-26,11.09738
2017-05-30,11.079946
2017-05-31,11.079946
2017-06-01,11.149687
2017-06-02,11.193274
2017-06-05,11.175838
2017-06-06,11.158403
2017-06-07,11.149687
2017-06-08,11.167121
2017-06-09,11.158403
2017-06-12,11.149687
2017-06-13,11.193274
2017-06-14,11.193274
2017-06-15,11.149687
2017-06-16,11.167121
2017-06-19,11.219426
2017-06-20,11.158403
2017-06-21,11.140969
2017-06-22,11.149687
2017-06-23,11.175838
2017-06-26,11.201992
2017-06-27,11.140969
2017-06-28,11.193274
2017-06-29,11.123534
2017-06-30,11.132252
2017-07-03,11.140969
2017-07-05,11.140969
2017-07-06,11.071229
2017-07-07,11.106098
2017-07-10,11.123534
2017-07-11,11.132252
2017-07-12,11.201992
2017-07-13,11.219426
2017-07-14,11.263014
2017-07-17,11.263014
2017-07-18,11.271731
2017-07-19,11.315319
2017-07-20,11.324036
2017-07-21,11.315319
2017-07-24,11.306601
2017-07-25,11.315319
2017-07-26,11.324036
2017-07-27,11.306601
2017-07-28,11.297884
2017-07-31,11.297884
2017-08-01,11.324036
2017-08-02,11.315319
2017-08-03,11.315319
2017-08-04,11.324036
2017-08-07,11.341472
2017-08-08,11.315319
2017-08-09,11.297884
2017-08-10,11.193274
2017-08-11,11.201992
2017-08-14,11.271731
2017-08-15,11.254296
2017-08-16,11.289165
2017-08-17,11.193274
2017-08-18,11.193274
2017-08-21,11.193274
2017-08-22,11.263014
2017-08-23,11.254296
2017-08-24,11.245578
2017-08-25,11.271731
2017-08-28,11.271731
2017-08-29,11.271731
2017-08-30,11.306601
2017-08-31,11.358906
2017-09-01,11.376342
2017-09-05,11.332753
2017-09-06,11.350188
2017-09-07,11.367623
2017-09-08,11.358906
2017-09-11,11.437364
2017-09-12,11.454799
2017-09-13,11.446081
2017-09-14,11.446081
2017-09-15,11.463516
2017-09-18,11.472234
2017-09-19,11.480951
2017-09-20,11.480951
2017-09-21,11.463516
2017-09-22,11.472234
2017-09-25,11.454799
2017-09-26,11.454799
2017-09-27,11.472234
2017-09-28,11.472234
2017-09-29,11.472234
2017-10-02,11.541974
2017-10-03,11.568127
2017-10-04,11.576843
2017-10-05,11.602997
2017-10-06,11.585562
2017-10-09,11.576843
2017-10-10,11.576843
2017-10-11,11.62043
2017-10-12,11.62043
2017-10-13,11.646585
2017-10-16,11.655301
2017-10-17,11.646585
2017-10-18,11.646585
2017-10-19,11.646585
2017-10-20,11.664019
2017-10-23,11.637866
2017-10-24,11.646585
2017-10-25,11.646585
2017-10-26,11.602997
2017-10-27,11.664019
2017-10-30,11.646585
2017-10-31,11.672736
2017-11-01,11.672736
2017-11-02,11.707607
2017-11-03,11.707607
2017-11-06,11.742476
2017-11-07,11.716323
2017-11-08,11.733759
2017-11-09,11.681453
2017-11-10,11.664019
2017-11-13,11.655301
2017-11-14,11.637866
2017-11-15,11.602997
2017-11-16,11.672736
2017-11-17,11.672736
2017-11-20,11.690171
2017-11-21,11.751193
2017-11-22,11.759912
2017-11-24,11.777347
2017-11-27,11.751193
2017-11-28,11.820934
2017-11-29,11.794781
2017-11-30,11.820934
2017-12-01,11.803498
2017-12-04,11.803498
2017-12-05,11.777347
2017-12-06,11.759912
2017-12-07,11.777347
2017-12-08,11.829651
2017-12-11,11.855804
2017-12-12,11.847086
2017-12-13,11.864521
2017-12-14,11.829651
2017-12-15,11.881956
2017-12-18,11.942978
2017-12-19,11.899391
2017-12-20,11.890675
2017-12-21,11.916827
2017-12-22,11.925544
2017-12-26,11.925544
2017-12-27,11.951695
2017-12-28,11.969131
2017-12-29,11.946642
2018-01-02,12.018609
2018-01-03,12.072584
2018-01-04,12.108569
2018-01-05,12.162545
2018-01-08,12.17154
2018-01-09,12.17154
2018-01-10,12.144552
2018-01-11,12.207524
2018-01-12,12.2615
2018-01-16,12.225516
2018-01-17,12.297484
2018-01-18,12.279491
2018-01-19,12.315476
2018-01-22,12.369452
2018-01-23,12.405436
2018-01-24,12.39644
2018-01-25,12.39644
2018-01-26,12.477404
2018-01-29,12.477404
2018-01-30,12.297484
2018-01-31,12.306479
2018-02-01,12.297484
2018-02-02,12.117565
2018-02-05,11.838689
2018-02-06,11.937645
2018-02-07,11.88367
2018-02-08,11.622787
2018-02-09,11.685759
2018-02-12,11.685759
2018-02-13,11.802706
2018-02-14,11.910657
2018-02-15,12.000618
2018-02-16,12.027605
2018-02-20,11.964634
2018-02-21,11.946642
2018-02-22,11.946642
2018-02-23,12.063589
2018-02-26,12.135557
2018-02-27,12.018609
2018-02-28,11.937645
2018-03-01,11.865677
2018-03-02,11.892666
2018-03-05,11.955637
2018-03-06,12.009614
2018-03-07,12.009614
2018-03-08,12.027605
2018-03-09,12.144552
2018-03-12,12.144552
2018-03-13,12.099572
2018-03-14,12.081582
2018-03-15,12.072584
2018-03-16,12.081582
2018-03-19,11.991621
2018-03-20,12.000618
2018-03-21,12.000618
2018-03-22,11.829694
2018-03-23,11.685759
2018-03-26,11.865677
2018-03-27,11.766723
2018-03-28,11.766723
2018-03-29,11.874674
2018-04-02,11.721742
2018-04-03,11.802706
2018-04-04,11.865677
2018-04-05,11.910657
2018-04-06,11.775719
2018-04-09,11.79371
2018-04-10,11.919654
2018-04-11,11.892666
2018-04-12,11.937645
2018-04-13,11.910657
2018-04-16,11.964634
2018-04-17,12.036601
2018-04-18,12.054592
2018-04-19,12.009614
2018-04-20,11.946642
2018-04-23,11.92865
2018-04-24,11.838689
2018-04-25,11.829694
2018-04-26,11.901662
2018-04-27,11.910657
2018-04-30,11.856682
2018-05-01,11.865677
2018-05-02,11.820698
2018-05-03,11.811702
2018-05-04,11.892666
2018-05-07,11.910657
2018-05-08,11.919654
2018-05-09,11.964634
2018-05-10,12.045597
2018-05-11,12.063589
2018-05-14,12.054592
2018-05-15,11.982625
2018-05-16,12.018609
2018-05-17,12.009614
2018-05-18,12.000618
2018-05-21,12.054592
2018-05-22,12.036601
2018-05-23,12.045597
2018-05-24,12.045597
2018-05-25,12.036601
2018-05-29,12.036601
2018-05-30,12.045597
2018-05-31,11.991621
2018-06-01,12.063589
2018-06-04,12.099572
2018-06-05,12.117565
2018-06-06,12.17154
2018-06-07,12.153549
2018-06-08,12.17154
2018-06-11,12.180536
2018-06-12,12.180536
2018-06-13,12.144552
2018-06-14,12.162545
2018-06-15,12.144552
2018-06-18,12.12656
2018-06-19,12.090576
2018-06-20,12.108569
2018-06-21,12.108569
2018-06-22,12.054592
2018-06-25,11.946642
2018-06-26,11.946642
2018-06-27,11.88367
2018-06-28,11.919654
2018-06-29,11.946642
2018-07-02,11.937645
2018-07-03,11.92865
2018-07-05,11.991621
2018-07-06,12.063589
2018-07-09,12.135557
2018-07-10,12.153549
2018-07-11,12.081582
2018-07-12,12.144552
2018-07-13,12.162545
2018-07-16,12.135557
2018-07-17,12.17154
2018-07-18,12.189532
2018-07-19,12.17154
2018-07-20,12.162545
2018-07-23,12.162545
2018-07-24,12.180536
2018-07-25,12.2615
2018-07-26,12.234513
2018-07-27,12.180536
2018-07-30,12.12656
2018-07-31,12.162545
2018-08-01,12.162545
2018-08-02,12.180536
2018-08-03,12.207524
2018-08-06,12.234513
2018-08-07,12.2615
2018-08-08,12.2615
2018-08-09,12.252504
2018-08-10,12.189532
2018-08-13,12.135557
2018-08-14,12.189532
2018-08-15,12.099572
2018-08-16,12.162545
2018-08-17,12.189532
2018-08-20,12.225516
2018-08-21,12.2615
2018-08-22,12.279491
2018-08-23,12.252504
2018-08-24,12.306479
2018-08-27,12.378448
2018-08-28,12.369452
2018-08-29,12.414432
2018-08-30,12.369452
2018-08-31,12.369452
2018-09-04,12.333467
2018-09-05,12.279491
2018-09-06,12.2615
2018-09-07,12.225516
2018-09-10,12.234513
2018-09-11,12.252504
2018-09-12,12.252504
2018-09-13,12.315476
2018-09-14,12.324471
2018-09-17,12.270497
2018-09-18,12.315476
2018-09-19,12.315476
2018-09-20,12.387444
2018-09-21,12.387444
2018-09-24,12.360456
2018-09-25,12.360456
2018-09-26,12.342464
2018-09-27,12.360456
2018-09-28,12.360456
2018-10-01,12.360456
2018-10-02,12.360456
2018-10-03,12.342464
2018-10-04,12.243508
2018-10-05,12.180536
2018-10-08,12.180536
2018-10-09,12.144552
2018-10-10,11.901662
2018-10-11,11.775719
2018-10-12,11.874674
2018-10-15,11.838689
2018-10-16,12.000618
2018-10-17,11.982625
2018-10-18,11.856682
2018-10-19,11.838689
2018-10-22,11.820698
2018-10-23,11.766723
2018-10-24,11.532827
2018-10-25,11.667767
2018-10-26,11.56881
2018-10-29,11.514835
2018-10-30,11.622787
2018-10-31,11.694755
2018-11-01,11.802706
2018-11-02,11.757726
2018-11-05,11.784715
2018-11-06,11.820698
2018-11-07,11.97363
2018-11-08,11.92865
2018-11-09,11.856682
2018-11-12,11.712748
2018-11-13,11.710831
2018-11-14,11.672528
2018-11-15,11.749133
2018-11-16,11.768284
2018-11-19,11.624652
2018-11-20,11.490594
2018-11-21,11.548048
2018-11-23,11.500171
2018-11-26,11.615077
2018-11-27,11.615077
2018-11-28,11.787436
2018-11-29,11.758708
2018-11-30,11.79701
2018-12-03,11.902341
2018-12-04,11.672528
2018-12-06,11.653378
2018-12-07,11.509746
2018-12-10,11.500171
2018-12-11,11.500171
2018-12-12,11.557623
2018-12-13,11.548048
2018-12-14,11.423566
2018-12-17,11.299085
2018-12-18,11.318235
2018-12-19,11.222482
2018-12-20,11.126726
2018-12-21,10.992668
2018-12-24,10.858612
2018-12-26,11.126726
2018-12-27,11.174603
2018-12-28,11.184179
2018-12-31,11.25452
2019-01-02,11.235249
2019-01-03,11.109983
2019-01-04,11.312334
2019-01-07,11.370149
2019-01-08,11.437598
2019-01-09,11.495413
2019-01-10,11.52432
2019-01-11,11.52432
2019-01-14,11.476141
2019-01-15,11.553226
2019-01-16,11.572499
2019-01-17,11.620678
2019-01-18,11.707398
2019-01-22,11.611042
2019-01-23,11.630313
2019-01-24,11.659221
2019-01-25,11.72667
2019-01-28,11.678492
2019-01-29,11.678492
2019-01-30,11.79412
2019-01-31,11.86157
2019-02-01,11.86157
2019-02-04,11.909748
2019-02-05,11.957927
2019-02-06,11.938656
2019-02-07,11.871205
2019-02-08,11.880841
2019-02-11,11.890477
2019-02-12,11.9772
2019-02-13,11.986835
2019-02-14,11.986835
2019-02-15,12.063921
2019-02-19,12.083192
2019-02-20,12.102464
2019-02-21,12.083192
2019-02-22,12.141006
2019-02-25,12.150641
2019-02-26,12.150641
2019-02-27,12.131371
2019-02-28,12.112099
2019-03-01,12.150641
2019-03-04,12.121735
2019-03-05,12.112099
2019-03-06,12.063921
2019-03-07,11.99647
2019-03-08,11.986835
2019-03-11,12.092828
2019-03-12,12.121735
2019-03-13,12.169913
2019-03-14,12.160277
2019-03-15,12.218092
2019-03-18,12.246999
2019-03-19,12.246999
2019-03-20,12.227727
2019-03-21,12.314448
2019-03-22,12.179549
2019-03-25,12.179549
2019-03-26,12.237363
2019-03-27,12.208456
2019-03-28,12.237363
2019-03-29,12.275906
2019-04-01,12.275906
2019-04-02,12.362627
2019-04-03,12.3819
2019-04-04,12.391535
2019-04-05,12.439713
2019-04-08,12.439713
2019-04-09,12.401171
2019-04-10,12.458985
2019-04-11,12.420443
2019-04-12,12.420443
2019-04-15,12.458985
2019-04-16,12.449349
2019-04-17,12.449349
2019-04-18,12.449349
2019-04-22,12.439713
2019-04-23,12.516799
2019-04-24,12.497528
2019-04-25,12.487892
2019-04-26,12.536071
2019-04-29,12.545707
2019-04-30,12.564978
2019-05-01,12.507163
2019-05-02,12.497528
2019-05-03,12.574614
2019-05-06,12.536071
2019-05-07,12.420443
2019-05-08,12.410807
2019-05-09,12.3819
2019-05-10,12.420443
2019-05-13,12.420443
2019-05-14,12.314448
2019-05-15,12.362627
2019-05-16,12.420443
2019-05-17,12.362627
2019-05-20,12.304813
2019-05-21,12.372263
2019-05-22,12.362627
2019-05-23,12.295177
2019-05-24,12.295177
2019-05-28,12.26627
2019-05-29,12.227727
2019-05-30,12.256635
2019-05-31,12.208456
2019-06-03,12.208456
2019-06-04,12.33372
2019-06-05,12.3819
2019-06-06,12.420443
2019-06-07,12.516799
2019-06-10,12.545707
2019-06-11,12.545707
2019-06-12,12.536071
2019-06-13,12.574614
2019-06-14,12.545707
2019-06-17,12.545707
2019-06-18,12.642063
2019-06-19,12.690242
2019-06-20,12.776963
2019-06-21,12.73842
2019-06-24,12.73842
2019-06-25,12.661335
2019-06-26,12.642063
2019-06-27,12.699878
2019-06-28,12.748055
2019-07-01,12.796235
2019-07-02,12.834778
2019-07-03,12.902228
2019-07-05,12.863686
2019-07-08,12.825143
2019-07-09,12.834778
2019-07-10,12.873321
2019-07-11,12.863686
2019-07-12,12.892592
2019-07-15,12.911863
2019-07-16,12.882957
2019-07-17,12.85405
2019-07-18,12.892592
2019-07-19,12.844414
2019-07-22,12.863686
2019-07-23,12.902228
2019-07-24,12.950406
2019-07-25,12.902228
2019-07-26,12.950406
2019-07-29,12.940771
2019-07-30,12.902228
2019-07-31,12.825143
2019-08-01,12.796235
2019-08-02,12.796235
2019-08-05,12.526435
2019-08-06,12.632427
2019-08-07,12.651699
2019-08-08,12.796235
2019-08-09,12.73842
2019-08-12,12.73842
2019-08-13,12.748055
2019-08-14,12.555342
2019-08-15,12.593884
2019-08-16,12.699878
2019-08-19,12.757691
2019-08-20,12.719149
2019-08-21,12.786599
2019-08-22,12.767327
2019-08-23,12.767327
2019-08-26,12.690242
2019-08-27,12.680606
2019-08-28,12.728785
2019-08-29,12.796235
2019-08-30,12.796235
2019-09-03,12.776963
2019-09-04,12.873321
2019-09-05,12.931135
2019-09-06,12.940771
2019-09-09,12.902228
2019-09-10,12.863686
2019-09-11,12.911863
2019-09-12,12.931135
2019-09-13,12.902228
2019-09-16,12.902228
2019-09-17,12.931135
2019-09-18,12.940771
2019-09-19,12.950406
2019-09-20,12.950406
2019-09-23,12.931135
2019-09-24,12.882957
2019-09-25,12.882957
2019-09-26,12.902228
2019-09-27,12.844414
2019-09-30,12.882957
2019-10-01,12.805871
2019-10-02,12.690242
2019-10-03,12.776963
2019-10-04,12.882957
2019-10-07,12.844414
2019-10-08,12.73842
2019-10-09,12.796235
2019-10-10,12.825143
2019-10-11,12.892592
2019-10-14,12.892592
2019-10-15,12.950406
2019-10-16,12.940771
2019-10-17,12.960042
2019-10-18,12.931135
2019-10-21,12.979314
2019-10-22,12.950406
2019-10-23,12.969678
2019-10-24,12.998585
2019-10-25,13.017857
2019-10-28,13.046763
2019-10-29,13.046763
2019-10-30,13.094942
2019-10-31,13.085306
2019-11-01,13.085306
2019-11-04,13.162392
2019-11-05,13.143121
2019-11-06,13.152756
2019-11-07,13.152756
2019-11-08,13.152756
2019-11-11,13.143121
2019-11-12,13.152756
2019-11-13,13.162392
2019-11-14,13.181664
2019-11-15,13.239478
2019-11-18,13.25875
2019-11-19,13.268386
2019-11-20,13.249114
2019-11-21,13.220207
2019-11-22,13.239478
2019-11-25,13.316564
2019-11-26,13.335835
2019-11-27,13.374378
2019-11-29,13.316564
2019-12-02,13.239478
2019-12-03,13.220207
2019-12-04,13.25875
2019-12-05,13.278021
2019-12-06,13.335835
2019-12-09,13.316564
2019-12-10,13.306929
2019-12-11,13.355106
2019-12-12,13.412921
2019-12-13,13.451464
2019-12-16,13.499642
2019-12-17,13.509278
2019-12-18,13.499642
2019-12-19,13.538185
2019-12-20,13.567092
2019-12-23,13.576728
2019-12-24,13.576728
2019-12-26,13.624907
2019-12-27,13.644178
2019-12-30,13.596
2019-12-31,13.61
2020-01-02,13.61
2020-01-03,13.7
2020-01-06,13.68
2020-01-07,13.66
2020-01-08,13.69
2020-01-09,13.76
2020-01-10,13.76
2020-01-13,13.84
2020-01-14,13.83
2020-01-15,13.85
2020-01-16,13.92
2020-01-17,13.94
2020-01-21,13.91
2020-01-22,13.93
2020-01-23,13.93
2020-01-24,13.86
2020-01-27,13.72
2020-01-28,13.8
2020-01-29,13.81
2020-01-30,13.81
2020-01-31,13.66
2020-02-03,13.73
2020-02-04,13.87
2020-02-05,13.93
2020-02-06,13.97
2020-02-07,13.92
2020-02-10,13.98
2020-02-11,14.02
2020-02-12,14.07
2020-02-13,14.06
2020-02-14,14.08
2020-02-18,14.05
2020-02-19,14.1
2020-02-20,14.07
2020-02-21,13.99
2020-02-24,13.71
2020-02-25,13.5
2020-02-26,13.47
2020-02-27,13.15
2020-02-28,13.11
2020-03-02,13.4
2020-03-03,13.24
2020-03-04,13.54
2020-03-05,13.31
2020-03-06,13.2
2020-03-09,13.2
2020-03-10,12.85
2020-03-11,12.85
2020-03-12,12.85
2020-03-13,11.71
2020-03-16,11.71
2020-03-17,11.65
2020-03-18,11.15
2020-03-19,11.14
2020-03-20,10.95
2020-03-23,10.95
2020-03-24,10.95
2020-03-25,11.54
2020-03-26,11.97
2020-03-27,11.77
2020-03-30,11.98
2020-03-31,11.89
2020-04-01,11.57
2020-04-02,11.72
2020-04-03,11.6
2020-04-06,12.06
2020-04-07,12.07
2020-04-08,12.29
2020-04-09,12.45
2020-04-13,12.38
2020-04-14,12.6
2020-04-15,12.45
2020-04-16,12.49
2020-04-17,12.7
2020-04-20,12.58
2020-04-21,12.35
2020-04-22,12.52
2020-04-23,12.52
2020-04-24,12.61
2020-04-27,12.72
2020-04-28,12.7
2020-04-29,12.93
2020-04-30,12.82
2020-05-01,12.61
2020-05-04,12.62
2020-05-05,12.69
2020-05-06,12.65
2020-05-07,12.77
2020-05-08,12.9
2020-05-11,12.9
2020-05-12,12.76
2020-05-13,12.65
2020-05-14,12.73
2020-05-15,12.75
2020-05-18,12.99
2020-05-19,12.93
2020-05-20,13.1
2020-05-21,13.04
2020-05-22,13.04
2020-05-26,13.17
2020-05-27,13.28
2020-05-28,13.27
2020-05-29,13.34
2020-06-01,13.42
2020-06-02,13.49
2020-06-03,13.62
2020-06-04,13.58
2020-06-05,13.58
2020-06-08,13.92
2020-06-09,13.83
2020-06-10,13.8
2020-06-11,13.29
2020-06-12,13.41
2020-06-15,13.5
2020-06-16,13.65
2020-06-17,13.63
2020-06-18,13.63
2020-06-19,13.6
2020-06-22,13.66
2020-06-23,13.7
2020-06-24,13.47
2020-06-25,13.57
2020-06-26,13.41
2020-06-29,13.52
2020-06-30,13.63
2020-07-01,13.66
2020-07-02,13.75
2020-07-06,13.89
2020-07-07,13.8
2020-07-08,13.88
2020-07-09,13.85
2020-07-10,13.85