Date,accountCAD,accountUSD,accountUSD_CADHDG,portfolio
2015-04-01,50000,39407.31337,50000,100000
2015-04-02,50411.71168,39498.99081,49809.80628,100221.518
2015-04-06,50633.64457,39953.29342,49841.73126,100475.3758
2015-04-07,51053.82144,39975.34389,49867.2425,100921.0639
2015-04-08,50941.67658,39912.41614,49906.48303,100848.1596
2015-04-09,51117.18412,39929.42229,50077.48628,101194.6704
2015-04-10,51352.98789,40133.64702,50476.48839,101829.4763
2015-04-13,51230.88936,39992.85664,50269.02198,101499.9113
2015-04-14,51259.99269,40084.34265,50474.20333,101734.196
2015-04-15,51427.09998,40427.96142,50469.05627,101896.1563
2015-04-16,51412.48882,40499.0559,49830.03701,101242.5258
2015-04-17,51087.83457,40252.16665,49113.27782,100201.1124
2015-04-20,51211.86849,40233.42984,49127.83623,100339.7047
2015-04-21,51131.27202,40301.29215,49260.27152,100391.5435
2015-04-22,51169.47302,40241.22457,49361.8981,100531.3711
2015-04-23,51171.91296,40469.12156,49542.29903,100714.212
2015-04-24,51316.73753,40413.50931,49089.88441,100406.6219
2015-04-27,51048.72234,40581.85385,49385.68307,100434.4054
2015-04-28,51323.70569,40693.21558,49210.30728,100534.013
2015-04-29,51189.71701,40540.43416,48798.51842,99988.23543
2015-04-30,50974.99861,40225.85034,48345.03771,99320.03632
2015-05-01,50865.90157,40330.13851,48710.74253,99576.6441
2015-05-04,50836.67412,40425.17989,49165.10354,100001.7777
2015-05-05,50721.99893,40271.04492,48697.75999,99419.75893
2015-05-06,50415.38935,40181.00446,48500.88242,98916.27177
2015-05-07,50366.97582,40011.44862,48165.78036,98532.75618
2015-05-08,50749.85509,40450.181,48977.08124,99726.93633
2015-05-11,50540.04874,40222.46897,48630.57572,99170.62446
2015-05-12,50480.87041,40312.30125,48752.08478,99232.95519
2015-05-13,50354.87114,40519.29163,48635.30486,98990.176
2015-05-14,50807.18656,40780.61861,48749.15147,99556.33803
2015-05-15,51073.90587,40910.37365,49022.90091,100096.8068
2015-05-18,51073.90587,40818.86488,49030.80334,100104.7092
2015-05-19,50910.19625,40511.92179,49201.727,100111.9232
2015-05-20,50876.04815,40565.23404,49607.63225,100483.6804
2015-05-21,51095.97267,40715.1848,49698.58089,100794.5536
2015-05-22,51161.65025,40612.39864,49530.87984,100692.5301
2015-05-25,51141.95728,40612.39864,49932.94637,101074.9037
2015-05-26,50700.86664,40110.96411,49413.90072,100114.7674
2015-05-27,50815.24618,40227.31261,49980.02168,100795.2679
2015-05-28,50698.82911,40158.11582,50012.91551,100711.7446
2015-05-29,50702.97146,40121.35604,49851.18453,100554.156
2015-06-01,50794.59156,40092.53241,49939.65924,100734.2508
2015-06-02,50735.15882,40209.02297,50359.38775,101094.5466
2015-06-03,50543.48006,40059.96587,49729.23834,100272.7184
2015-06-04,50190.02206,39713.08064,49466.61266,99656.63471
2015-06-05,49938.4618,39563.52176,49430.66487,99369.12667
2015-06-08,49551.71255,39507.67957,49214.7165,98766.42906
2015-06-09,49580.2151,39511.69897,49034.02064,98614.23574
2015-06-10,49895.72647,39956.34659,49306.1304,99201.85687
2015-06-11,50004.89291,39943.78186,49026.99567,99031.88859
2015-06-12,49797.09128,39793.03646,48917.58061,98714.67188
2015-06-15,49650.67145,39684.61493,48870.4123,98521.08376
2015-06-16,49754.98873,39741.39846,48945.50818,98700.49691
2015-06-17,49584.16733,39806.37074,48943.5247,98527.69203
2015-06-18,49744.88933,40126.26196,49070.40707,98815.2964
2015-06-19,49769.59849,39975.69888,48882.28525,98651.88374
2015-06-22,50219.03807,40089.5723,49205.93885,99424.97692
2015-06-23,50348.7904,40139.43136,49425.6866,99774.477
2015-06-24,50161.57449,39938.0658,49216.4753,99378.04979
2015-06-25,49918.51314,39830.47584,49326.06058,99244.57372
2015-06-26,49776.83575,39770.81348,49045.76361,98822.59936
2015-06-29,49086.15898,39280.7727,48515.68358,97601.84256
2015-06-30,49443.40349,39344.83942,48834.41954,98277.82302
2015-07-01,49418.40349,39314.83942,49053.1242,98471.52769
2015-07-02,49428.26144,39311.22674,49497.15767,98925.41911
2015-07-03,49362.21841,39311.22674,49312.0034,98674.22181
2015-07-06,48874.5213,38886.98714,49052.43436,97926.95567
2015-07-07,48733.68859,38759.64433,49066.99874,97800.68733
2015-07-08,48250.3826,38297.91994,48702.69873,96953.08134
2015-07-09,48431.90761,38557.46892,49079.80162,97511.70924
2015-07-10,48821.10755,38955.90305,49511.3935,98332.50104
2015-07-13,48950.2079,39011.7603,49529.33219,98479.5401
2015-07-14,49090.42922,39139.62412,49906.93443,98997.36364
2015-07-15,49094.80373,38943.2369,49602.0008,98696.80453
2015-07-16,49339.56652,39049.85355,50479.74772,99819.31424
2015-07-17,49226.08529,38938.68811,50496.08134,99722.16663
2015-07-20,48608.30753,38622.29758,50158.7769,98767.08442
2015-07-21,48507.17841,38591.83844,50152.79411,98659.97252
2015-07-22,48190.7379,38331.68617,49612.69988,97803.43777
2015-07-23,48049.78297,38177.80404,49786.91106,97836.69403
2015-07-24,47845.23852,38029.71794,49508.98682,97354.22534
2015-07-27,47424.51573,37742.13609,49219.52105,96644.03679
2015-07-28,47581.48504,37987.50021,49527.34149,97108.82653
2015-07-29,47981.43997,38172.23743,49351.74232,97333.18228
2015-07-30,47862.35405,38050.11443,49266.14675,97128.50081
2015-07-31,48035.25712,38123.31093,49581.65317,97616.91029
2015-08-03,48035.25712,37874.30658,49694.87966,97730.13679
2015-08-04,48068.0722,37890.09783,49856.16831,97924.24051
2015-08-05,47992.86429,37880.74333,49972.27807,97965.14236
2015-08-06,47753.09164,37775.90535,49747.09031,97500.18195
2015-08-07,47811.45825,37727.20761,49472.4399,97283.89815
2015-08-10,48027.22739,38104.08095,50087.81343,98115.04082
2015-08-11,47790.48271,37846.44757,49242.77149,97033.25419
2015-08-12,47675.78019,37850.02242,49583.52721,97259.30739
2015-08-13,47511.02284,37681.45565,48899.22679,96410.24962
2015-08-14,47563.60355,37714.68661,49274.23648,96837.84003
2015-08-17,47457.6524,37725.82492,49421.9618,96879.61419
2015-08-18,47292.9713,37614.42632,49256.09047,96549.06178
2015-08-19,47113.07469,37481.43708,48947.00784,96060.08253
2015-08-20,46757.00723,37251.70422,48889.136,95646.14323
2015-08-21,46343.87816,36807.40985,48131.57696,94475.45512
2015-08-24,45383.52652,35936.03878,47503.85003,92887.37655
2015-08-25,45426.31741,35859.63923,47639.53188,93065.84929
2015-08-26,45758.20597,36233.8326,48357.67197,94115.87794
2015-08-27,46538.36525,36845.43176,49004.42582,95542.79107
2015-08-28,46627.40176,37008.64515,48814.40316,95441.80493
2015-08-31,46793.56035,37056.45584,49055.33505,95848.8954
2015-09-01,45950.03321,36359.17403,47786.86029,93736.89349
2015-09-02,46180.76537,36628.64862,48543.94723,94724.71259
2015-09-03,46294.88093,36649.37879,48615.40309,94910.28402
2015-09-04,45871.89546,36231.18887,47781.69088,93653.58635
2015-09-08,46176.2189,36688.38918,48785.2856,94961.50449
2015-09-09,46059.49643,36344.83246,47975.18075,94034.67718
2015-09-10,46026.14261,36521.04782,48496.66266,94522.80527
2015-09-11,45953.43376,36523.33522,48335.34831,94288.78207
2015-09-14,45750.65336,36416.95725,48243.00185,93993.65522
2015-09-15,45932.92966,36558.52523,48443.69977,94376.62943
2015-09-16,46389.78634,37045.65512,49063.26373,95453.05006
2015-09-17,46499.37881,37155.62765,48926.53042,95425.90923
2015-09-18,46339.6071,36776.27057,48452.7363,94792.3434
2015-09-21,46424.73817,36792.59175,48636.1274,95060.86557
2015-09-22,45912.16708,36405.0093,48232.99796,94145.16504
2015-09-23,45643.20773,36262.18918,48130.80198,93774.00971
2015-09-24,45610.3265,36428.90026,48541.5089,94151.83541
2015-09-25,45912.85672,36406.28626,48562.34432,94475.20104
2015-09-28,45407.81975,35863.71229,47820.67437,93228.49411
2015-09-29,45270.51713,35891.57477,48083.94213,93354.45927
2015-09-30,45639.84267,36168.89247,48535.03649,94174.87916
2015-10-01,50609.84267,39893.49195,53126.16193,103736.0046
2015-10-02,51116.01115,40512.03665,53661.02598,104777.0371
2015-10-05,51596.15817,40852.93551,53791.05944,105387.2176
2015-10-06,51944.79966,41084.23939,53750.51114,105695.3108
2015-10-07,52280.65513,41293.24121,53862.90247,106143.5576
2015-10-08,52459.9304,41488.9596,54205.73943,106665.6698
2015-10-09,52425.97089,41679.98974,54177.73413,106603.705
2015-10-12,52425.97089,41575.15733,53839.82695,106265.7978
2015-10-13,52272.14709,41368.0332,53823.94865,106096.0957
2015-10-14,52593.03692,41597.42509,54151.52851,106744.5654
2015-10-15,52765.81084,41874.50189,54101.85876,106867.6696
2015-10-16,52886.93545,41846.63641,53785.48247,106672.4179
2015-10-19,52531.03183,41667.95351,53822.07854,106353.1104
2015-10-20,52546.71921,41660.52838,54242.00985,106788.7291
2015-10-21,52429.69536,41390.15325,53747.59837,106177.2937
2015-10-22,52655.97273,41700.64276,54767.5376,107423.5103
2015-10-23,52834.13655,41796.06221,54777.9209,107612.0574
2015-10-26,52607.2303,41655.61095,54869.60271,107476.833
2015-10-27,52432.38685,41520.8131,54624.78328,107057.1701
2015-10-28,52558.83777,41675.43134,55303.29831,107862.1361
2015-10-29,52310.0388,41419.00322,54635.80807,106945.8469
2015-10-30,51852.07916,41377.16152,54448.20553,106300.2847
2015-11-02,51952.67815,41529.43655,54289.77273,106242.4509
2015-11-03,52221.76722,41524.30942,54367.77608,106589.5433
2015-11-04,51807.19602,41265.62382,53911.06141,105718.2574
2015-11-05,51606.65605,41131.94901,54108.6679,105715.324
2015-11-06,51237.55229,40819.96802,53727.24264,104964.7949
2015-11-09,50873.26039,40562.06609,53931.32213,104804.5825
2015-11-10,50822.98505,40554.57291,53799.28852,104622.2736
2015-11-11,50671.75514,40461.82264,53659.65919,104331.4143
2015-11-12,50261.20048,40134.28821,53189.97129,103451.1718
2015-11-13,50056.81846,39871.11359,52956.81238,103013.6308
2015-11-16,50538.06959,40235.37963,53593.52636,104131.5959
2015-11-17,50444.0172,40038.52781,53371.35536,103815.3726
2015-11-18,50646.05314,40274.14419,53635.49623,104281.5494
2015-11-19,50823.81972,40436.56454,53776.58825,104600.408
2015-11-20,50803.49636,40437.74698,53763.60269,104567.099
2015-11-23,50623.61336,40289.24814,53811.12743,104434.7408
2015-11-24,50764.97498,40450.58712,54043.19816,104808.1731
2015-11-25,50663.26452,40405.93451,53752.01361,104415.2781
2015-11-26,50665.18246,40405.93451,53728.58006,104393.7625
2015-11-27,50242.6971,40143.45528,53368.31509,103611.0122
2015-11-30,50397.34339,40152.6123,53671.99536,104069.3388
2015-12-01,50805.31678,40397.2112,53925.42907,104730.7458
2015-12-02,50184.63751,39938.83794,53358.28612,103542.9236
2015-12-03,50013.77073,39867.49262,53214.73013,103228.5009
2015-12-04,50468.74981,40289.26618,53773.67967,104242.4295
2015-12-07,50093.22024,39863.54993,53369.31879,103462.539
2015-12-08,49847.45998,39679.42914,53600.55896,103448.0189
2015-12-09,49708.23605,39504.64762,53644.93956,103353.1756
2015-12-10,49689.99933,39444.47197,53514.31289,103204.3122
2015-12-11,49108.84263,39071.86378,53266.67056,102375.5132
2015-12-14,48960.85925,39017.68279,53594.68932,102555.5486
2015-12-15,49340.71704,39200.62517,53810.30469,103151.0217
2015-12-16,49872.5752,39551.58454,54297.99917,104170.5744
2015-12-17,49493.83927,39056.8393,53859.37938,103353.2187
2015-12-18,49537.99354,38988.38076,54287.42239,103825.4159
2015-12-21,49815.32178,39211.22557,54683.9765,104499.2983
2015-12-22,49823.96701,39317.81767,54855.43234,104679.3994
2015-12-23,50243.98804,39650.24532,55189.17422,105433.1623
2015-12-24,50253.11142,39705.00465,54999.37338,105252.4848
2015-12-28,50253.11142,39503.17693,54660.54644,104913.6579
2015-12-29,50126.3685,39682.76225,55135.23009,105261.5986
2015-12-30,49766.53209,39389.8607,54491.93185,104258.4639
2015-12-31,49543.55913,39256.28809,54456.32276,103999.8819
2016-01-04,49523.55913,39226.28809,54385.28917,103908.8483
2016-01-05,49475.74975,39211.24432,54638.12396,104113.8737
2016-01-06,49183.80819,39043.86605,54598.94029,103782.7485
2016-01-07,48793.4619,38765.48782,54533.73677,103327.1987
2016-01-08,48668.6454,38534.92049,54341.94487,103010.5903
2016-01-11,48408.71089,38261.3761,54269.93775,102678.6486
2016-01-12,48364.14371,38287.86659,54453.00251,102817.1462
2016-01-13,48080.42838,38067.70346,54265.51262,102345.941
2016-01-14,48198.51936,38104.40208,54683.62588,102882.1452
2016-01-15,47504.00784,37662.65323,54025.5712,101529.579
2016-01-18,47406.13133,37662.65323,54904.61703,102310.7484
2016-01-19,47788.81433,37659.76204,54774.24132,102563.0557
2016-01-20,47418.65051,37518.62608,54639.12732,102057.7778
2016-01-21,47571.98392,37665.51149,54520.82752,102092.8114
2016-01-22,48297.24756,38167.4828,54468.0527,102765.3003
2016-01-25,47835.3889,37887.29781,53574.91222,101410.3011
2016-01-26,48413.99254,38368.81263,54852.05455,103266.0471
2016-01-27,48585.98861,38336.90343,54124.04129,102710.0299
2016-01-28,48765.18014,38437.65601,54177.10646,102942.2866
2016-01-29,49286.71088,38873.87181,54556.75734,103843.4682
2016-02-01,49024.88923,38784.76924,54193.18151,103218.0707
2016-02-02,48528.8341,38361.94417,53514.91138,102043.7455
2016-02-03,49010.85211,38859.37251,54636.27845,103647.1306
2016-02-04,49326.80662,39010.61456,53812.02358,103138.8302
2016-02-05,49215.84799,38904.28383,53513.62014,102729.4681
2016-02-08,48822.20602,38812.65967,53883.61317,102705.8192
2016-02-09,48790.88694,38564.19026,53700.63659,102491.5235
2016-02-10,48801.823,38641.04574,53646.13542,102447.9584
2016-02-11,49306.6367,38969.25769,54256.89786,103563.5346
2016-02-12,49660.16821,39196.17259,54546.57176,104206.74
2016-02-16,49567.46487,39072.42731,54005.51788,103572.9827
2016-02-17,49954.815,39524.4094,54801.38523,104756.2002
2016-02-18,49947.39923,39772.93763,54399.0391,104346.4383
2016-02-19,50138.23857,39634.00009,54448.79401,104587.0326
2016-02-22,50198.93116,39731.81095,54786.19615,104985.1273
2016-02-23,49994.19449,39585.99022,54244.68455,104238.879
2016-02-24,50235.79436,39676.94275,54742.27575,104978.0701
2016-02-25,50189.66935,39911.07356,54690.14628,104879.8156
2016-02-26,49896.35602,39753.58513,53842.25724,103738.6133
2016-02-29,50216.23936,39928.38352,54090.97993,104307.2193
2016-03-01,50563.60661,40254.38364,54493.96838,105057.575
2016-03-02,50855.40697,40518.96596,54404.81578,105260.2228
2016-03-03,51370.62397,40866.19868,54879.21975,106249.8437
2016-03-04,51784.20716,41087.62308,55082.06807,106866.2752
2016-03-07,51787.20437,41257.53699,54996.29453,106783.4989
2016-03-08,51666.28275,40913.34803,54386.11542,106052.3982
2016-03-09,51645.64898,40979.78455,54982.57521,106628.2242
2016-03-10,51813.74455,41142.99437,54505.00358,106318.7481
2016-03-11,51869.97194,41265.40012,55038.96745,106908.9394
2016-03-14,51557.33485,40998.86026,54264.86201,105822.1969
2016-03-15,51284.48577,40812.79056,54170.00247,105454.4882
2016-03-16,51861.68447,41431.94465,55328.21828,107189.9027
2016-03-17,52168.55057,41667.44243,54651.01624,106819.5668
2016-03-18,51992.00276,41673.30631,54108.62277,106100.6255
2016-03-21,52023.16766,41604.83762,54277.67118,106300.8388
2016-03-22,51924.31923,41599.18956,54461.66098,106385.9802
2016-03-23,51346.22081,41043.06148,53561.60406,104907.8249
2016-03-24,51349.75358,40946.33231,54090.10416,105439.8577
2016-03-28,51244.1051,41015.87095,54432.16392,105676.269
2016-03-29,51593.25326,41417.95622,54566.9129,106160.1662
2016-03-30,51669.53959,41328.19314,53987.02052,105656.5601
2016-03-31,51572.93647,41336.68629,53640.96405,105213.9005
2016-04-01,56542.93647,45155.62325,58659.86336,115202.7998
2016-04-04,55921.58144,44887.44338,58515.26911,114436.8506
2016-04-05,55943.00093,44838.53586,58634.00807,114577.009
2016-04-06,56255.38726,45105.84335,59274.49331,115529.8806
2016-04-07,56160.99714,45056.79536,58937.89098,115098.8881
2016-04-08,56548.42209,45379.16478,59628.223,116176.6451
2016-04-11,56889.04992,45684.09005,59293.83618,116182.8861
2016-04-12,57206.47871,45994.96303,59373.97625,116580.455
2016-04-13,57408.80407,46070.03825,58813.01097,116221.815
2016-04-14,57223.4797,45845.82007,58764.71453,115988.1942
2016-04-15,57123.52037,45858.84116,58878.16719,116001.6876
2016-04-18,57134.60849,45924.63474,59605.58167,116740.1902
2016-04-19,57743.15827,46425.21373,59281.2821,117024.4404
2016-04-20,57782.95905,46395.72759,58904.94096,116687.9
2016-04-21,57840.48607,46302.22982,58551.48336,116391.9694
2016-04-22,57512.67722,46121.79357,58686.75117,116199.4284
2016-04-25,57273.1775,46004.66009,58288.82383,115562.0013
2016-04-26,57462.73185,46213.84865,58576.05515,116038.787
2016-04-27,57864.8401,46431.53865,58540.88412,116405.7242
2016-04-28,57632.19097,46551.41099,58579.36714,116211.5581
2016-04-29,58213.16716,46790.35281,58735.93198,116949.0991
2016-05-02,57971.75938,46749.50878,58637.90878,116609.6682
2016-05-03,57603.70894,46360.86711,58085.53061,115689.2395
2016-05-04,57277.87943,46116.49636,58568.41129,115846.2907
2016-05-05,57339.48662,46136.26078,59340.46076,116679.9474
2016-05-06,57707.28582,46334.01699,59548.47863,117255.7644
2016-05-09,57130.7781,45886.1185,59322.03116,116452.8093
2016-05-10,57607.17228,46268.09567,59948.64834,117555.8206
2016-05-11,57774.5485,46379.29767,59904.89363,117679.4421
2016-05-12,57824.50666,46284.12599,59521.38664,117345.8933
2016-05-13,57643.27433,46140.36295,59248.84264,116892.117
2016-05-16,58051.29919,46427.71541,60146.17736,118197.4765
2016-05-17,58036.43494,46391.3684,59839.76455,117876.1995
2016-05-18,57613.91688,45988.55872,59373.06626,116986.9831
2016-05-19,57438.65598,45877.45904,59746.21382,117184.8698
2016-05-20,57739.84267,45995.07409,60189.15161,117928.9943
2016-05-23,57739.84267,45893.67251,60230.85504,117970.6977
2016-05-24,57923.13016,45914.40626,60354.48585,118277.616
2016-05-25,58167.29016,46095.51326,60500.36115,118667.6513
2016-05-26,58178.94728,46086.64445,60069.33421,118248.2815
2016-05-27,57660.05572,46000.2633,59686.72417,117346.7799
2016-05-30,57686.87642,46000.2633,60011.94352,117698.8199
2016-05-31,57630.3537,46010.48512,59988.4699,117618.8236
2016-06-01,57601.00152,46027.51031,60186.49526,117787.4968
2016-06-02,57765.59879,46055.27722,60217.73637,117983.3352
2016-06-03,58304.79213,46587.54808,61001.73371,119306.5258
2016-06-06,58432.66673,46746.97574,60580.80958,119013.4763
2016-06-07,58690.12025,46890.17324,60083.66333,118773.7836
2016-06-08,58754.48259,47251.02824,60276.72163,119031.2042
2016-06-09,58496.51912,47149.23342,59804.08549,118300.6046
2016-06-10,57870.81057,46743.9945,59502.30221,117373.1128
2016-06-13,57614.64137,46622.98509,59594.89599,117209.5374
2016-06-14,58035.11669,46510.59473,59664.7205,117699.8372
2016-06-15,58155.92179,46641.99676,59984.40521,118140.327
2016-06-16,58301.31194,46425.52922,59926.07197,118227.3839
2016-06-17,58309.77994,46800.43079,60451.64807,118761.428
2016-06-20,58636.69119,47013.81597,60402.88246,119039.5736
2016-06-21,58367.84565,46805.55956,59901.75781,118269.6035
2016-06-22,58255.23378,46760.44114,59862.71696,118117.9507
2016-06-23,58678.77268,47090.64129,60341.94612,119020.7188
2016-06-24,58362.37138,46641.63406,59850.54602,118212.9174
2016-06-27,58169.492,46426.7784,60452.30552,118621.7975
2016-06-28,58536.28089,46750.86782,61083.28385,119619.5647
2016-06-29,59169.7393,47234.27994,61494.31043,120664.0497
2016-06-30,59192.98315,47490.75497,61425.96581,120618.949
2016-07-01,59172.98315,47460.75497,61499.64489,120672.628
2016-07-04,59788.38373,47460.75497,61276.58193,121064.9657
2016-07-05,59675.45844,47240.47211,60785.73508,120461.1935
2016-07-06,59792.25604,47422.16416,61675.36971,121467.6257
2016-07-07,59492.79697,47186.18648,61153.29786,120646.0948
2016-07-08,59772.6382,47610.39106,61879.2263,121651.8645
2016-07-11,60166.41626,47538.56517,62014.0575,122180.4738
2016-07-12,60146.05598,47568.51259,62424.1575,122570.2135
2016-07-13,60134.84982,47611.43697,62169.11118,122303.961
2016-07-14,60125.51336,47652.09807,61825.26343,121950.7768
2016-07-15,60020.39277,47529.32749,61352.28257,121372.6753
2016-07-18,60132.46551,47595.03388,61668.40661,121800.8721
2016-07-19,60066.86331,47506.34694,61558.72298,121625.5863
2016-07-20,59975.22092,47402.59505,61749.46392,121724.6848
2016-07-21,60152.55113,47521.16616,62096.85912,122249.4103
2016-07-22,60308.22595,47473.85203,62065.88743,122374.1134
2016-07-25,60114.84527,47232.89299,62042.76637,122157.6116
2016-07-26,60184.95302,47342.55571,62600.58532,122785.5383
2016-07-27,60242.68972,47594.74002,62708.44704,122951.1368
2016-07-28,60192.26742,47494.1826,62394.53257,122586.8
2016-07-29,60425.49713,47819.50756,62891.73612,123317.2333
2016-08-01,60425.49713,47665.79521,62243.42544,122668.9226
2016-08-02,60231.42379,47645.92517,62523.36617,122754.79
2016-08-03,60234.4834,47688.02314,62497.05998,122731.5434
2016-08-04,60344.24092,47833.37839,62515.8326,122860.0735
2016-08-05,60442.41841,47667.67851,62041.39111,122483.8095
2016-08-08,60706.51853,47746.44117,62929.32939,123635.8479
2016-08-09,60891.4937,47919.02441,63038.91143,123930.4051
2016-08-10,60794.63801,47923.01746,62859.66159,123654.2996
2016-08-11,60916.23688,48022.18105,62697.76185,123613.9987
2016-08-12,60857.75496,48040.84931,62376.72194,123234.4769
2016-08-15,61079.58741,48235.67478,62507.16129,123586.7487
2016-08-16,60887.40914,48260.10328,62388.24856,123275.6577
2016-08-17,60896.64705,48288.6277,62115.10973,123011.7568
2016-08-18,61098.48585,48536.37035,62341.57148,123440.0573
2016-08-19,60915.44122,48302.93057,61710.85914,122626.3004
2016-08-22,60800.52204,48163.42142,62090.357,122890.879
2016-08-23,60883.88369,48216.73667,62392.45867,123276.3424
2016-08-24,60501.58057,47941.32072,61937.7887,122439.3693
2016-08-25,60473.25235,47914.52899,61960.19659,122433.4489
2016-08-26,60420.23738,47774.91193,61688.87618,122109.1136
2016-08-29,60630.27552,47919.8904,62366.78159,122997.0571
2016-08-30,60500.11592,47704.82573,62063.97824,122564.0942
2016-08-31,60214.36767,47504.25733,62167.39852,122381.7662
2016-09-01,60287.39791,47582.53936,62376.9025,122664.3004
2016-09-02,60753.5048,47936.22307,62767.68869,123521.1935
2016-09-06,61175.24161,48402.42199,62580.45912,123755.7007
2016-09-07,61253.69322,48388.74396,62159.69689,123413.3901
2016-09-08,61170.27041,48313.81163,62238.33693,123408.6073
2016-09-09,60437.24923,47610.03036,61516.91798,121954.1672
2016-09-12,60394.0072,47803.58393,62374.11792,122768.1251
2016-09-13,59812.76629,47249.06129,61565.5256,121378.2919
2016-09-14,59785.40438,47261.72006,62185.55483,121970.9592
2016-09-15,59998.43856,47391.20886,62526.06617,122524.5047
2016-09-16,59803.92532,47195.30535,62104.3008,121908.2261
2016-09-19,59991.46884,47293.23822,62420.92609,122412.3949
2016-09-20,60130.06012,47362.82703,62528.40265,122658.4628
2016-09-21,60633.38857,47992.61287,63262.90075,123896.2893
2016-09-22,61221.02385,48221.24706,63085.92694,124306.9508
2016-09-23,60972.99976,47992.74341,62615.65256,123588.6523
2016-09-26,60847.39933,47878.29055,62967.61433,123815.0137
2016-09-27,60750.76941,47842.58493,63283.29882,124034.0682
2016-09-28,61014.49207,48042.86501,63450.21419,124464.7063
2016-09-29,60910.88696,47844.08085,62504.4626,123415.3496
2016-09-30,60888.87216,47934.05474,63046.22165,123935.0938
2016-10-03,65863.87216,51716.37405,67917.04328,133780.9154
2016-10-04,65076.82743,51051.31196,66958.38803,132035.2155
2016-10-05,65351.07069,51203.35897,67570.51542,132921.5861
2016-10-06,65239.47084,51069.33691,67294.0667,132533.5375
2016-10-07,65003.51054,50954.11778,67361.34506,132364.8556
2016-10-10,65003.51054,51184.77999,67826.99933,132830.5099
2016-10-11,64943.13628,50757.76073,66832.74262,131775.8789
2016-10-12,64932.3807,50741.72413,67127.23989,132059.6206
2016-10-13,64889.08116,50721.39308,67334.6802,132223.7614
2016-10-14,64788.48637,50620.66172,66830.91659,131619.403
2016-10-17,64617.50408,50611.52721,66512.15086,131129.6549
2016-10-18,65141.47536,50934.77793,66799.94487,131941.4202
2016-10-19,65507.02511,51155.5753,67054.21361,132561.2387
2016-10-20,65539.26247,51028.40026,67017.13168,132556.3941
2016-10-21,65769.31491,51044.70432,67516.83162,133286.1465
2016-10-24,65837.45007,51050.89481,68168.25824,134005.7083
2016-10-25,65735.009,51061.23762,68161.64721,133896.6562
2016-10-26,65518.77902,50826.11208,67863.02242,133381.8014
2016-10-27,65455.15732,50778.34476,67910.44775,133365.6051
2016-10-28,65249.21683,50732.42669,67917.02045,133166.2373
2016-10-31,65249.69668,50705.15326,67955.04373,133204.7404
2016-11-01,65309.65319,50674.66361,67999.31577,133308.969
2016-11-02,65050.72287,50561.54542,67706.96563,132757.6885
2016-11-03,64856.39187,50522.69287,67670.09751,132526.4894
2016-11-04,64627.74138,50417.54049,67519.67608,132147.4175
2016-11-07,64974.03014,50614.33329,67617.20575,132591.2359
2016-11-08,64913.89658,50595.53766,67650.28159,132564.1782
2016-11-09,64760.09874,50542.7037,67199.05311,131959.1518
2016-11-10,64099.24492,50113.00928,67213.57499,131312.8199
2016-11-11,63411.49395,49588.80944,66798.1127,130209.6066
2016-11-14,63198.45626,49421.19899,66848.59734,130047.0536
2016-11-15,63673.58996,49863.61212,67504.86169,131178.4516
2016-11-16,63486.1648,49700.77103,66871.88936,130358.0542
2016-11-17,63552.36093,49657.76012,66672.49715,130224.8581
2016-11-18,63464.02,49452.19234,66939.96848,130403.9885
2016-11-21,63856.25533,49793.71071,67261.34629,131117.6016
2016-11-22,64071.56314,49850.05528,66838.95645,130910.5196
2016-11-23,63677.69586,49503.65258,66493.30458,130171.0004
2016-11-24,63806.7311,49503.65258,66837.356,130644.0871
2016-11-25,63802.87207,49421.09737,66674.00216,130476.8742
2016-11-28,63752.38891,49545.51109,66965.71531,130718.1042
2016-11-29,63686.23465,49448.95106,66277.9128,129964.1475
2016-11-30,63585.61551,49423.39842,66381.55384,129967.1693
2016-12-01,63255.51329,49346.37297,66249.48083,129504.9941
2016-12-02,63423.28306,49513.98322,65887.76363,129311.0467
2016-12-05,63447.07908,49585.37556,66049.7013,129496.7804
2016-12-06,63551.85363,49670.32788,65922.4619,129474.3155
2016-12-07,63958.87715,49984.65489,66364.62724,130323.5044
2016-12-08,64082.74514,50038.00562,66180.26659,130263.0117
2016-12-09,63927.30745,49963.94886,65927.429,129854.7365
2016-12-12,63766.70062,49959.84843,65591.78805,129358.4887
2016-12-13,64120.36863,50132.40456,65807.30312,129927.6717
2016-12-14,63475.37566,49454.72708,64955.81502,128431.1907
2016-12-15,63321.72732,49310.72991,65513.25062,128834.9779
2016-12-16,63447.09459,49423.03659,65896.22931,129343.3239
2016-12-19,63482.42153,49502.15513,66032.41056,129514.8321
2016-12-20,63431.02343,49513.25105,66365.58343,129796.6069
2016-12-21,63338.55503,49450.36882,66121.07993,129459.635
2016-12-22,63331.16083,49337.56433,66269.22676,129600.3876
2016-12-23,63497.28689,49463.8759,66684.22972,130181.5166
2016-12-27,63497.28689,49613.71412,67090.14393,130587.4308
2016-12-28,63876.80003,49590.69033,67322.83606,131199.6361
2016-12-29,64205.73951,49865.64139,67580.90988,131786.6494
2016-12-30,64007.98325,49770.50339,67081.18366,131089.1669
2017-01-03,63982.98325,49745.50339,66864.92355,130847.9068
2017-01-04,64199.85305,50028.98728,67147.90683,131347.7599
2017-01-05,64702.8935,50420.95771,67054.83299,131757.7265
2017-01-06,64466.75322,50254.27416,66483.38905,130950.1423
2017-01-09,64230.40606,50259.81121,66553.03716,130783.4432
2017-01-10,64487.36197,50292.61164,66457.15697,130944.5189
2017-01-11,64785.57536,50517.88107,66905.87907,131691.4544
2017-01-12,64914.14526,50607.74637,66615.98579,131530.131
2017-01-13,64895.75702,50644.9009,66601.08436,131496.8414
2017-01-16,64929.45768,50644.9009,66476.49776,131405.9554
2017-01-17,64946.71661,50825.76952,66962.9511,131909.6677
2017-01-18,64813.69262,50561.163,66041.4736,130855.1662
2017-01-19,64719.49316,50461.66069,66937.39583,131656.889
2017-01-20,64969.50738,50641.05906,67461.48594,132430.9933
2017-01-23,65218.92727,50796.36078,67578.46057,132797.3878
2017-01-24,65317.38491,50848.02975,67311.09869,132628.4836
2017-01-25,65038.21774,50870.03607,66912.4081,131950.6258
2017-01-26,65106.87151,50727.49737,66298.30133,131405.1728
2017-01-27,65052.01958,50715.40466,66386.46548,131438.4851
2017-01-30,64735.40994,50606.4199,66453.82273,131189.2327
2017-01-31,64869.46334,50869.93867,66651.3206,131520.7839
2017-02-01,64953.14449,50877.04521,66323.31377,131276.4583
2017-02-02,65116.58396,50999.58678,66547.83128,131664.4152
2017-02-03,65275.78966,51179.13014,66687.94267,131963.7323
2017-02-06,65382.84199,51299.23378,66782.37055,132165.2125
2017-02-07,65471.7116,51218.94165,67019.98779,132491.6994
2017-02-08,65622.51987,51410.44726,67811.92464,133434.4445
2017-02-09,65768.15469,51407.42028,67579.16468,133347.3194
2017-02-10,66002.34726,51577.49739,67736.72802,133739.0753
2017-02-13,65802.88128,51512.90778,67574.11675,133376.998
2017-02-14,65949.02274,51553.94792,67388.74335,133337.7661
2017-02-15,66132.41193,51713.82755,67647.89272,133780.3047
2017-02-16,66225.12221,51825.92464,67724.56183,133949.684
2017-02-17,66210.16878,51779.66387,67702.94775,133913.1165
2017-02-21,66329.1332,51942.98286,68072.32065,134401.4538
2017-02-22,66348.75326,51924.62177,68261.66715,134610.4204
2017-02-23,66327.93337,52131.84575,68629.49035,134957.4237
2017-02-24,66377.62677,52181.22146,68360.53225,134738.159
2017-02-27,66398.95998,52094.71605,68344.61776,134743.5777
2017-02-28,66296.18735,52010.59355,68585.84662,134882.034
2017-03-01,66414.5625,52210.5672,69499.05377,135913.6163
2017-03-02,66050.71115,51750.64169,69097.45431,135148.1655
2017-03-03,66217.24072,51863.87216,69459.72784,135676.9686
2017-03-06,66304.4484,51691.71929,69173.85736,135478.3058
2017-03-07,66231.64258,51489.85241,69003.61004,135235.2526
2017-03-08,65903.25447,51128.79238,68566.26849,134469.523
2017-03-09,65332.34089,50980.10583,68751.77224,134084.1131
2017-03-10,65333.69809,51110.91885,69034.49555,134368.1936
2017-03-13,65500.28075,51183.94781,68885.9157,134386.1964
2017-03-14,65318.10303,50962.6671,68550.90038,133869.0034
2017-03-15,65859.11395,51653.76766,69590.53769,135449.6516
2017-03-16,66167.42865,51744.68547,68803.87161,134971.3003
2017-03-17,66132.84821,51803.60444,69015.87071,135148.7189
2017-03-20,66212.38933,51880.13538,69171.78422,135384.1736
2017-03-21,66118.69915,51771.25945,69050.95462,135169.6538
2017-03-22,66296.39541,51862.67692,69272.97938,135569.3748
2017-03-23,66318.91464,51824.70378,69092.69393,135411.6086
2017-03-24,66523.08359,51898.28727,69276.42635,135799.5099
2017-03-27,66651.62113,51993.40339,69278.61202,135930.2332
2017-03-28,66855.88686,52053.32495,69691.59523,136547.4821
2017-03-29,66937.84942,52192.70166,69820.26182,136758.1112
2017-03-30,66855.85631,52098.4238,69452.40674,136308.2631
2017-03-31,66713.97358,52095.18921,69455.9134,136169.887
2017-04-03,71683.97358,55817.30924,74381.02829,146065.0019
2017-04-04,71944.80561,55908.66871,74831.51497,146776.3206
2017-04-05,71724.51981,55811.72227,74775.98663,146500.5064
2017-04-06,71840.01626,55852.99692,75035.15331,146875.1696
2017-04-07,71910.81393,55881.53525,74984.08087,146894.8948
2017-04-10,71920.61962,55940.11666,74998.91611,146919.5357
2017-04-11,72259.21204,56249.66241,74938.61269,147197.8247
2017-04-12,72195.11208,56314.98849,75043.09786,147238.2099
2017-04-13,72271.18969,56260.17475,74502.53544,146773.7251
2017-04-17,72482.34252,56370.55996,75046.12762,147528.4701
2017-04-18,72252.15291,56365.27314,75109.54747,147361.7004
2017-04-19,71904.84648,55978.0091,74910.33082,146815.1773
2017-04-20,72126.35767,56168.62014,75732.14943,147858.5071
2017-04-21,72148.8819,56101.44003,75601.73787,147750.6198
2017-04-24,72454.10314,56330.05987,75949.8186,148403.9217
2017-04-25,72741.23435,56337.87583,76332.1881,149073.4225
2017-04-26,72549.15964,56352.36213,76492.13543,149041.2951
2017-04-27,72245.77035,56300.34099,76678.81542,148924.5858
2017-04-28,72432.28746,56335.18426,76773.02511,149205.3126
2017-05-01,72426.98804,56222.03424,76698.09888,149125.0869
2017-05-02,72559.21563,56225.56813,76871.5977,149430.8133
2017-05-03,72226.86184,55921.31373,76649.66491,148876.5267
2017-05-04,71624.59433,55622.55282,76354.74787,147979.3422
2017-05-05,71996.91664,55906.3085,76877.88539,148874.802
2017-05-08,72044.41252,55744.70188,76210.25657,148254.6691
2017-05-09,71883.21839,55644.02418,76197.25648,148080.4749
2017-05-10,72036.73032,55820.97827,76513.81502,148550.5453
2017-05-11,72145.08723,55860.21543,76588.26709,148733.3543
2017-05-12,72267.00125,55991.98279,76730.85651,148997.8578
2017-05-15,72525.28681,56257.28156,77171.48916,149696.776
2017-05-16,72381.20742,56364.73026,76815.54775,149196.7552
2017-05-17,71903.88659,56352.00034,76708.0343,148611.9209
2017-05-18,72205.89347,56198.31852,76423.53048,148629.4239
2017-05-19,72721.05529,56624.53764,77029.19051,149750.2458
2017-05-22,72721.05529,56770.19904,76731.7341,149452.7894
2017-05-23,72912.93233,56701.09169,76500.54571,149413.478
2017-05-24,72762.46128,56829.86714,76840.80234,149603.2636
2017-05-25,72656.73859,56690.54928,76038.46668,148695.2053
2017-05-26,72859.15767,56903.39653,76725.12764,149584.2853
2017-05-29,72939.07167,56903.39653,76554.41626,149493.4879
2017-05-30,72776.06245,56820.12727,76556.02959,149332.092
2017-05-31,72579.90097,56758.66012,76455.05206,149034.953
2017-06-01,72856.4349,56958.10085,76838.75816,149695.1931
2017-06-02,72963.35708,57243.19359,77367.03732,150330.3944
2017-06-05,72804.71519,57155.19378,77150.36934,149955.0845
2017-06-06,73225.49533,57362.7087,77311.73651,150537.2318
2017-06-07,72910.38952,57094.53509,76789.86444,149700.254
2017-06-08,72874.31746,56987.97521,76993.60501,149867.9225
2017-06-09,72624.19168,56781.38676,76780.36153,149404.5532
2017-06-12,72281.3009,56714.29166,76315.31928,148596.6202
2017-06-13,72271.53672,56907.84289,75752.30834,148023.8451
2017-06-14,72172.63843,56711.79842,75088.69271,147261.3311
2017-06-15,71640.10478,56458.8117,74764.44971,146404.5545
2017-06-16,71768.80151,56575.16177,74996.03603,146764.8375
2017-06-19,71915.29793,56562.38804,74729.09504,146644.393
2017-06-20,71463.0797,56279.38518,74435.11523,145898.1949
2017-06-21,71432.85826,56238.58177,74628.03609,146060.8944
2017-06-22,71625.42937,56340.93901,75074.30015,146699.7295
2017-06-23,71789.83769,56506.217,74763.37407,146553.2118
2017-06-26,71894.2034,56483.13484,74906.2371,146800.4405
2017-06-27,71594.87987,56404.50024,74777.70101,146372.5809
2017-06-28,71791.17973,56666.47998,74703.42105,146494.6008
2017-06-29,71173.87354,56333.78025,73451.35985,144625.2334
2017-06-30,71246.49567,56449.13467,73342.10386,144588.5995
2017-07-03,71226.49567,56419.13467,73201.56821,144428.0639
2017-07-04,71125.14892,56419.13467,73290.14548,144415.2944
2017-07-05,70911.00342,56329.72877,72842.78584,143753.7893
2017-07-06,70616.85167,56099.4162,72700.35625,143317.2079
2017-07-07,70240.56171,55974.08943,72645.97268,142886.5344
2017-07-10,70406.16285,56086.38715,72244.87552,142651.0384
2017-07-11,70698.00127,56231.4893,72431.78161,143129.7829
2017-07-12,70876.17205,56600.42658,73075.67864,143951.8507
2017-07-13,70927.45848,56694.05728,72283.78626,143211.2447
2017-07-14,71126.26958,57037.55057,72590.55238,143716.822
2017-07-17,71267.51775,57005.40206,72065.08603,143332.6038
2017-07-18,71389.61745,57188.10762,72611.17046,144000.7879
2017-07-19,71666.47821,57415.91344,72526.63454,144193.1128
2017-07-20,71667.15456,57448.2348,72384.7753,144051.9299
2017-07-21,71316.28061,57397.73945,72299.33777,143615.6184
2017-07-24,71315.94841,57454.96292,72016.92534,143332.8738
2017-07-25,71526.21917,57534.6415,71949.37162,143475.5908
2017-07-26,71748.01054,57831.73729,72327.26504,144075.2756
2017-07-27,71807.21619,57773.13712,71939.11254,143746.3287
2017-07-28,71763.00945,57953.82648,72672.94168,144435.9511
2017-07-31,71852.53952,58028.90734,72312.14278,144164.6823
2017-08-01,72078.03741,58097.99715,72663.16486,144741.2023
2017-08-02,72223.86883,58089.72068,72882.26787,145106.1367
2017-08-03,72128.0059,58046.01191,72975.44632,145103.4522
2017-08-04,72458.67435,58019.65948,72920.84729,145379.5216
2017-08-07,72458.67435,58069.65256,73405.84522,145864.5196
2017-08-08,72329.17495,57978.06011,73487.19368,145816.3686
2017-08-09,72231.65089,58123.44283,73647.049,145878.6999
2017-08-10,71889.99003,57685.92833,73233.44229,145123.4323
2017-08-11,71917.81502,57812.85971,73650.11261,145567.9276
2017-08-14,71990.5576,57843.43168,73308.44995,145299.0076
2017-08-15,71940.93465,57705.91073,73454.43076,145395.3654
2017-08-16,72053.43464,57903.70225,73844.01316,145897.4478
2017-08-17,71793.89442,57634.24843,72760.35576,144554.2502
2017-08-18,72001.95173,57798.8197,73312.02024,145313.972
2017-08-21,71819.09141,57780.07985,72720.27254,144539.3639
2017-08-22,72045.32332,57946.09746,72771.02379,144816.3471
2017-08-23,72243.47712,58071.70412,72968.84108,145212.3182
2017-08-24,72126.28291,57913.4975,72642.63957,144768.9225
2017-08-25,72134.57243,58136.95626,72746.1899,144880.7623
2017-08-28,72313.34593,58277.25199,72682.22226,144995.5682
2017-08-29,72211.82183,58180.72188,72808.5202,145020.342
2017-08-30,72380.35592,58193.58459,72826.3581,145206.714
2017-08-31,72662.18676,58651.1646,74061.17253,146723.3593
2017-09-01,72755.04361,58758.5173,73283.62349,146038.6671
2017-09-05,72709.2601,58857.35679,73059.04683,145768.3069
2017-09-06,72552.41227,58953.50635,72914.28435,145466.6966
2017-09-07,72713.97551,59249.27167,72480.81945,145194.795
2017-09-08,72420.31487,59052.00491,71504.30281,143924.6177
2017-09-11,72575.86662,59132.48352,71854.24515,144430.1118
2017-09-12,72673.64378,59245.43094,71730.21803,144403.8618
2017-09-13,72617.30232,59109.68384,71960.12643,144577.4288
2017-09-14,72750.65263,59230.8437,72079.19939,144829.852
2017-09-15,72788.6836,59261.54026,72079.81205,144868.4957
2017-09-18,72764.60955,59146.91257,72147.40368,144912.0132
2017-09-19,72886.89461,59206.05884,72705.63577,145592.5304
2017-09-20,72920.03582,59113.29246,72648.46604,145568.5019
2017-09-21,72911.08971,58957.87219,72785.85068,145696.9404
2017-09-22,72887.25079,59035.80424,72755.13751,145642.3883
2017-09-25,73162.91459,59138.53478,73012.43196,146175.3466
2017-09-26,72928.60657,58929.14175,72896.52785,145825.1344
2017-09-27,72942.83509,58814.74098,72716.77939,145659.6145
2017-09-28,72896.24555,58858.83028,73465.23788,146361.4834
2017-09-29,73105.14273,58952.75177,73315.41373,146420.5565
2017-10-02,78080.14273,62936.34602,78501.76664,156581.9094
2017-10-03,78357.21256,63092.49692,78972.88115,157330.0937
2017-10-04,78254.39683,63083.94965,78793.11356,157047.5104
2017-10-05,78724.02505,63178.69565,78840.69488,157564.7199
2017-10-06,78353.22186,63061.99913,79261.3683,157614.5902
2017-10-09,78353.22186,63156.51689,79174.90693,157528.1288
2017-10-10,78950.04429,63534.97799,79754.1883,158704.2326
2017-10-11,79105.57568,63689.05491,79662.27074,158767.8464
2017-10-12,78996.91284,63627.17735,79205.6571,158202.5699
2017-10-13,79391.6047,63956.429,79785.64152,159177.2462
2017-10-16,79688.04453,63880.68879,79703.93387,159391.9784
2017-10-17,79648.9321,63740.62638,79822.38795,159471.3201
2017-10-18,79585.33877,63721.7355,79639.42292,159224.7617
2017-10-19,79216.95272,63686.72328,79390.5958,158607.5485
2017-10-20,79584.48923,63682.63015,79480.38031,159064.8695
2017-10-23,79461.34735,63569.00315,80332.14982,159793.4972
2017-10-24,79710.89374,63606.85969,80392.71261,160103.6064
2017-10-25,79652.23243,63439.68193,80384.41949,160036.6519
2017-10-26,79723.59193,63328.195,81015.75825,160739.3502
2017-10-27,80197.72282,63756.91684,81914.89011,162112.6129
2017-10-30,80190.21461,63744.1245,81792.00164,161982.2162
2017-10-31,80550.14248,63826.27853,81852.73775,162402.8802
2017-11-01,80684.58623,63911.43819,82389.51058,163074.0968
2017-11-02,80743.873,64034.6814,82440.17295,163184.0459
2017-11-03,80752.35405,64041.41061,82021.03896,162773.393
2017-11-06,81225.34299,64421.85279,82202.28563,163427.6286
2017-11-07,81163.61351,64256.40016,81693.01946,162856.633
2017-11-08,81172.68511,64346.17353,82114.72425,163287.4094
2017-11-09,80875.4967,64262.23644,81791.68554,162667.1822
2017-11-10,80610.14096,64020.57021,81167.20044,161777.3414
2017-11-13,80566.86623,63966.54074,81185.05798,161751.9242
2017-11-14,80135.62567,63822.48942,81288.78743,161424.4131
2017-11-15,79993.31526,63637.54398,81042.41007,161035.7253
2017-11-16,80448.7564,63943.7709,81432.39004,161881.1464
2017-11-17,80705.7568,64215.16857,81925.06838,162630.8252
2017-11-20,80878.57405,64088.00522,81981.37358,162859.9476
2017-11-21,81328.59858,64443.04907,82572.81138,163901.41
2017-11-22,81519.25185,64733.2077,82690.2006,164209.4525
2017-11-23,81549.32132,64733.2077,82243.5368,163792.8581
2017-11-24,81698.7,64886.62793,82487.77612,164186.4761
2017-11-27,81364.39664,64692.20432,82249.66694,163614.0636
2017-11-28,81686.84844,64929.31157,82839.41573,164526.2642
2017-11-29,81283.94918,64616.87296,82804.58039,164088.5296
2017-11-30,81203.94946,64563.0852,83041.04319,164244.9926
2017-12-01,80739.2152,64601.58024,83280.48025,164019.6955
2017-12-04,80491.27685,64436.04922,81950.41528,162441.6921
2017-12-05,80395.97848,64281.08468,81489.12828,161885.1068
2017-12-06,80133.15448,64000.95276,81242.80947,161375.9639
2017-12-07,80241.4751,63955.53288,81779.29909,162020.7742
2017-12-08,80759.52812,64231.84219,82589.30141,163348.8295
2017-12-11,80984.66116,64324.64467,82721.4939,163706.1551
2017-12-12,80840.94788,64251.37691,82582.29579,163423.2437
2017-12-13,80923.56823,64477.33849,82969.4409,163893.0091
2017-12-14,80603.65122,64324.06534,82437.72204,163041.3733
2017-12-15,80995.03837,64502.87233,82528.20381,163523.2422
2017-12-18,81399.02313,64847.58609,83487.3725,164886.3956
2017-12-19,81219.0283,64729.26101,83273.54463,164492.5729
2017-12-20,81157.58843,64771.00803,83413.39836,164570.9868
2017-12-21,81236.71329,64954.26039,83312.93127,164549.6446
2017-12-22,81380.01771,65124.37644,82942.40468,164322.4224
2017-12-26,81380.01771,65353.77276,83100.59363,164480.6113
2017-12-27,81793.18142,65459.85096,83048.91315,164842.0946
2017-12-28,81778.62873,65614.95066,83000.94052,164779.5693
2017-12-29,82072.94599,65735.88539,82600.42379,164673.3698
2018-01-02,82062.94599,65705.88539,82493.73641,164556.6824
2018-01-03,82673.32751,66042.47612,82578.8552,165252.1827
2018-01-04,82911.56399,66368.75823,83272.22065,166183.7846
2018-01-05,82888.94569,66564.41607,83140.9522,166029.8979
2018-01-08,82993.73703,66620.66837,82564.32938,165558.0664
2018-01-09,83078.11918,66642.92594,82734.52455,165812.6437
2018-01-10,83046.03139,66622.41102,83099.46944,166145.5008
2018-01-11,83298.0921,66942.48211,83882.94551,167181.0376
2018-01-12,83688.61046,67492.68251,84494.08637,168182.6968
2018-01-15,83810.14175,67492.68251,84098.58121,167908.723
2018-01-16,83398.49742,67346.3929,83674.52579,167073.0232
2018-01-17,83655.96578,67596.83244,83990.41453,167646.3803
2018-01-18,83542.5592,67520.4908,83978.60882,167521.168
2018-01-19,83930.2492,67788.48318,84134.31975,168064.5689
2018-01-22,84028.98314,68096.84006,85026.39681,169055.38
2018-01-23,84320.3606,68388.86549,85157.8179,169478.1785
2018-01-24,84488.14204,68761.39704,85362.46416,169850.6062
2018-01-25,84208.57805,68550.47491,84676.97387,168885.5519
2018-01-26,84622.22411,69034.92265,85437.61813,170059.8422
2018-01-29,83982.14889,68483.53316,84323.77414,168305.923
2018-01-30,83259.75039,67913.22083,83765.52581,167025.2762
2018-01-31,83423.01082,68097.3173,84005.53391,167428.5447
2018-02-01,83163.99434,68125.71893,83808.26298,166972.2573
2018-02-02,82160.64559,67025.25016,82176.98042,164337.626
2018-02-05,80778.12965,65577.75642,81526.26314,162304.3928
2018-02-06,81701.81233,66111.52162,82876.74158,164578.5539
2018-02-07,80462.69956,65355.08866,81721.96273,162184.6623
2018-02-08,79193.13598,64095.51005,80536.00875,159729.1447
2018-02-09,79293.64419,64334.52887,81001.03354,160294.6777
2018-02-12,79994.19157,64911.00958,81703.48861,161697.6802
2018-02-13,80128.94381,65076.45629,81846.65689,161975.6007
2018-02-14,81068.76899,66008.51472,83098.12224,164166.8912
2018-02-15,81438.78144,66552.12325,83078.3454,164517.1268
2018-02-16,81855.18522,66571.39197,83094.41538,164949.6006
2018-02-20,81395.74926,66094.21234,83060.59922,164456.3485
2018-02-21,81439.52756,65819.6128,83242.06794,164681.5955
2018-02-22,81736.2858,66110.80909,83945.52379,165681.8096
2018-02-23,82324.79019,66688.75411,84774.74033,167099.5305
2018-02-26,82824.40908,67127.9357,84906.77084,167731.1799
2018-02-27,82092.92403,66202.42695,83971.15529,166064.0793
2018-02-28,81406.01507,65674.18255,83873.154,165279.1691
2018-03-01,80811.90356,65305.06099,83805.98753,164617.8911
2018-03-02,80918.82432,65523.88978,84080.91316,164999.7375
2018-03-05,81485.69222,65826.29645,84837.5901,166323.2823
2018-03-06,81518.92822,66106.89903,85806.09153,167325.0197
2018-03-07,81493.15486,65936.49655,85380.51305,166873.6679
2018-03-08,81523.32258,65916.62785,85073.31622,166596.6388
2018-03-09,82065.62295,66551.24551,85825.15361,167890.7766
2018-03-12,82150.37257,66571.41644,85292.62746,167443
2018-03-13,81996.8585,66262.36454,85094.78895,167091.6475
2018-03-14,82153.28548,66277.65703,85875.95717,168029.2427
2018-03-15,82350.25441,66153.32871,85681.7907,168032.0451
2018-03-16,82464.70187,66175.90646,86370.81175,168835.5136
2018-03-19,81893.33265,65818.50273,86169.58696,168062.9196
2018-03-20,82299.30919,65980.37425,86306.29164,168605.6008
2018-03-21,82542.16069,66424.25386,86845.72929,169387.89
2018-03-22,81434.16403,65378.90071,84320.47964,165754.6437
2018-03-23,80912.43203,65121.51036,84209.27711,165121.7091
2018-03-26,81668.7297,66028.1652,85048.89633,166717.626
2018-03-27,81219.62424,65452.43989,84015.40547,165235.0297
2018-03-28,81117.75912,65221.0741,83994.96174,165112.7209
2018-03-29,81750.06888,65765.84832,84962.24344,166712.3123
2018-04-02,86720.06888,69613.95192,89752.56868,176472.6376
2018-04-03,86757.44145,69788.50453,90173.7234,176931.1649
2018-04-04,86758.31146,70016.94332,89665.09648,176423.4079
2018-04-05,87076.0261,70094.11268,89401.5354,176477.5615
2018-04-06,86516.3799,69600.07579,88873.72606,175390.106
2018-04-09,86914.2336,69939.37124,89373.42845,176287.662
2018-04-10,87380.47558,70639.2404,89725.96415,177106.4397
2018-04-11,87668.27236,70787.13999,89145.08026,176813.3526
2018-04-12,87424.44907,70732.8318,88889.95247,176314.4015
2018-04-13,87531.06868,70785.25053,89110.13755,176641.2062
2018-04-16,87467.56142,70860.51597,89297.00477,176764.5662
2018-04-17,87651.33035,71093.97172,89336.68644,176988.0168
2018-04-18,88346.44981,71415.3764,89685.57569,178032.0255
2018-04-19,88059.75364,71138.25703,89819.15941,177878.913
2018-04-20,88035.84273,70731.27367,89580.44955,177616.2923
2018-04-23,87927.70426,70601.6037,90134.94792,178062.6522
2018-04-24,87633.07937,70312.74111,90309.68372,177942.7631
2018-04-25,87553.47999,70142.96399,89932.39863,177485.8786
2018-04-26,88113.66263,70380.43389,90340.32302,178453.9856
2018-04-27,88242.3542,70511.00632,90749.77917,178992.1334
2018-04-30,88125.61969,70249.20026,90198.56899,178324.1887
2018-05-01,87701.10693,69950.64129,89756.46196,177457.5689
2018-05-02,87753.14067,69854.33771,89729.29597,177482.4366
2018-05-03,87940.52513,70014.6748,90192.90553,178133.4307
2018-05-04,88306.29939,70426.68158,90502.51482,178808.8142
2018-05-07,88412.12213,70469.12762,90593.70383,179005.826
2018-05-08,88575.99443,70478.97615,90769.87134,179345.8658
2018-05-09,88801.54073,70733.89677,91557.95434,180359.4951
2018-05-10,89231.7176,71218.01101,91513.01081,180744.7284
2018-05-11,89228.44147,71168.80009,90881.13736,180109.5788
2018-05-14,89451.59857,71190.24137,90988.24848,180439.8471
2018-05-15,88755.08726,70558.50634,90314.8861,179069.9734
2018-05-16,88957.18384,70716.81494,91027.39048,179984.5743
2018-05-17,88872.20323,70665.113,90324.14958,179196.3528
2018-05-18,88886.52343,70550.03268,90554.49614,179441.0196
2018-05-21,88886.52343,70892.63148,91289.14704,180175.6705
2018-05-22,89020.79981,70793.66204,90445.27726,179466.0771
2018-05-23,88890.71906,70697.1303,90605.44209,179496.1611
2018-05-24,88850.96068,70685.438,90717.69528,179568.656
2018-05-25,88525.98436,70276.49081,90537.20574,179063.1901
2018-05-28,88344.03309,70276.49081,91191.48036,179535.5135
2018-05-29,87900.35549,69773.11203,90647.13517,178547.4907
2018-05-30,88307.10464,70315.8026,91621.48891,179928.5936
2018-05-31,88186.49726,69975.41289,90219.99809,178406.4954
2018-06-01,88269.40291,70064.34298,90691.98551,178961.3884
2018-06-04,88134.80914,70115.18039,90827.20632,178962.0155
2018-06-05,88149.03849,70189.28108,90712.62704,178861.6655
2018-06-06,88431.27929,70446.43425,91150.64219,179581.9215
2018-06-07,88319.82788,70381.07288,91113.92811,179433.756
2018-06-08,88341.12459,70400.31604,91393.69107,179734.8157
2018-06-11,88635.27664,70553.80407,91500.5244,180135.801
2018-06-12,88544.9093,70456.30554,91503.01328,180047.9226
2018-06-13,88545.26433,70456.30702,91705.22225,180250.4866
2018-06-14,88903.63659,70517.11816,91483.97444,180387.611
2018-06-15,88155.53154,69895.9812,91676.26675,179831.7983
2018-06-18,88225.16195,69805.87414,92122.81228,180347.9742
2018-06-19,87846.23637,69487.51709,91801.35023,179647.5866
2018-06-20,88003.72408,69504.28637,92293.35351,180297.0776
2018-06-21,87613.56844,69235.00873,92128.25572,179741.8242
2018-06-22,88417.07052,69823.78274,92987.12594,181404.1965
2018-06-25,87590.54448,69204.35091,91895.07521,179485.6197
2018-06-26,87919.98072,69410.13097,92298.81267,180218.7934
2018-06-27,87832.8885,69170.28154,92007.5432,179840.4317
2018-06-28,87825.29019,69389.40479,92491.91201,180317.2022
2018-06-29,88140.28715,69712.18405,92404.8969,180545.1841
2018-07-02,88110.28715,69692.18405,91629.88953,179740.1767
2018-07-03,87956.7896,69910.27324,92193.47445,180150.2641
2018-07-04,88096.59355,69910.27324,91876.08415,179972.6777
2018-07-05,87947.54955,70152.20954,92173.69017,180121.2397
2018-07-06,88330.36924,70446.45894,92538.46453,180868.8338
2018-07-09,88757.80391,70839.13428,92770.22058,181528.0245
2018-07-10,88804.47603,70830.08003,92860.36197,181664.838
2018-07-11,87920.64555,69912.59422,91886.11846,179806.764
2018-07-12,88362.19733,70308.30622,92856.18349,181218.3808
2018-07-13,88358.95293,70322.07302,92580.41386,180939.3668
2018-07-16,87996.41602,70015.15457,92111.93998,180108.356
2018-07-17,87975.00594,69930.70287,91863.06815,179838.0741
2018-07-18,87939.99818,70012.52528,92440.34024,180380.3384
2018-07-19,87950.493,69853.18505,91981.97447,179932.4675
2018-07-20,87907.12524,70059.22285,92898.52776,180805.653
2018-07-23,87692.93892,69897.7753,91693.3017,179386.2406
2018-07-24,87923.54233,70171.94428,92409.43446,180332.9768
2018-07-25,88203.48515,70642.16455,92896.56415,181100.0493
2018-07-26,88083.10733,70381.94741,91757.64752,179840.7548
2018-07-27,87999.13179,70262.26836,91825.76023,179824.892
2018-07-30,87914.90921,70219.63561,91713.86683,179628.776
2018-07-31,88018.1648,70288.65399,91572.06259,179590.2274
2018-08-01,87568.3685,69942.11521,91050.64647,178619.015
2018-08-02,87485.66579,69881.57623,90835.56596,178321.2318
2018-08-03,87556.76453,70025.04079,91204.11028,178760.8748
2018-08-06,87556.76453,69916.17718,90987.51733,178544.2819
2018-08-07,87451.11217,70141.76817,91191.31062,178642.4228
2018-08-08,87330.25172,69962.65314,91362.82602,178693.0777
2018-08-09,87485.23469,69902.67065,91006.28896,178491.5236
2018-08-10,87106.45055,69564.5097,90752.4662,177858.9168
2018-08-13,86512.57847,69078.41561,90838.12048,177350.699
2018-08-14,86688.17311,69188.30855,90859.47222,177547.6453
2018-08-15,85501.48098,68266.92478,89129.3002,174630.7812
2018-08-16,85871.58538,68527.64596,90068.62588,175940.2113
2018-08-17,86199.04838,68898.63754,90667.16455,176866.2129
2018-08-20,86429.38434,69150.72228,90309.45801,176738.8423
2018-08-21,86538.00991,69406.59065,90516.60417,177054.6141
2018-08-22,86952.04141,69724.58438,90881.11231,177833.1537
2018-08-23,86602.26543,69351.37981,90210.19739,176812.4628
2018-08-24,87152.84125,69970.47827,91671.12336,178823.9646
2018-08-27,87597.66177,70396.7045,91577.6618,179175.3236
2018-08-28,87146.66516,70166.69053,90959.18419,178105.8493
2018-08-29,87486.71862,70501.22785,91154.56495,178641.2836
2018-08-30,87148.69808,70135.40715,90504.13598,177652.8341
2018-08-31,87179.75682,70044.01012,90958.44724,178138.2041
2018-09-04,86561.45513,69623.96543,91170.49802,177731.9531
2018-09-05,86345.77202,69440.34288,91482.79227,177828.5643
2018-09-06,86189.62402,69343.49581,91355.8974,177545.5214
2018-09-07,85944.75911,69086.54825,90881.97207,176826.7312
2018-09-10,85816.92943,69090.39905,90985.14754,176802.077
2018-09-11,85960.1226,69288.89896,91200.13154,177160.2541
2018-09-12,86160.2334,69613.78355,90933.0031,177093.2365
2018-09-13,86160.62971,69658.7616,90556.38676,176717.0165
2018-09-14,86079.58401,69540.85806,90440.66548,176520.2495
2018-09-17,86135.30204,69511.50515,90661.77284,176797.0749
2018-09-18,86494.30002,69779.13793,91155.97633,177650.2763
2018-09-19,86725.29205,70050.17724,90866.28996,177591.582
2018-09-20,86987.15839,70370.83893,90905.75595,177892.9143
2018-09-21,86987.66965,70338.01156,90797.92989,177785.5995
2018-09-24,86945.60545,70262.94315,90730.54259,177676.148
2018-09-25,87030.22681,70380.14223,91133.1361,178163.3629
2018-09-26,87015.60506,70224.90995,90991.81901,178007.4241
2018-09-27,87121.0601,70157.32088,91461.99793,178583.058
2018-09-28,86882.56231,70244.40149,91573.41211,178455.9744
2018-10-01,91857.56231,74108.30052,95159.50447,187017.0668
2018-10-02,91605.37255,74172.42793,95030.45236,186635.8249
2018-10-03,91926.93708,74055.66786,94931.22264,186858.1597
2018-10-04,91318.59962,73479.66591,94627.11042,185945.71
2018-10-05,91031.1974,73296.61867,94699.23538,185730.4328
2018-10-08,91031.1974,73011.89198,94535.80088,185566.9983
2018-10-09,90673.93601,73045.39461,94623.0059,185296.9419
2018-10-10,89450.84233,72047.46258,93215.00682,182665.8492
2018-10-11,89362.97997,71902.63195,93839.40237,183202.3823
2018-10-12,89646.77234,72224.732,94117.49399,183764.2663
2018-10-15,89599.48928,72217.26572,94050.7129,183650.2022
2018-10-16,90295.51469,72829.27006,94629.25519,184924.7699
2018-10-17,90009.94075,72492.92704,93773.95273,183783.8935
2018-10-18,89409.35839,71862.83754,93601.34659,183010.705
2018-10-19,89761.49068,72027.18887,94203.6442,183965.1349
2018-10-22,89667.69113,71933.44721,94257.27659,183924.9677
2018-10-23,89171.20828,71516.18866,93664.75315,182835.9614
2018-10-24,88080.16075,70727.32174,92516.28382,180596.4446
2018-10-25,88438.24599,71208.40926,92909.16954,181347.4155
2018-10-26,88363.96796,71020.44095,92828.68895,181192.6569
2018-10-29,87933.29287,70627.20999,92489.86616,180423.159
2018-10-30,88358.63668,70917.04664,93105.57497,181464.2116
2018-10-31,88391.47107,70942.48287,93033.976,181425.4471
2018-11-01,89152.39919,71559.80585,94154.81475,183307.2139
2018-11-02,89114.85589,71424.02619,93495.4818,182610.3377
2018-11-05,89216.37108,71470.05341,93630.77557,182847.1467
2018-11-06,89231.59397,71457.25567,93674.74561,182906.3396
2018-11-07,89647.88892,71932.26638,94348.51931,183996.4082
2018-11-08,89232.17734,71482.33532,93754.08999,182986.2673
2018-11-09,88696.50492,70932.43201,93225.07908,181921.584
2018-11-12,88238.56913,70207.38598,92623.9052,180862.4743
2018-11-13,88047.51069,69950.54529,92628.51446,180676.0251
2018-11-14,88335.5011,70200.34825,92837.15643,181172.6575
2018-11-15,88530.29364,70522.18734,93420.74142,181951.0351
2018-11-16,88725.85336,70800.75318,93258.74823,181984.6016
2018-11-19,88450.30427,70451.1367,92618.591,181068.8953
2018-11-20,87603.79678,69512.92464,91559.64453,179163.4413
2018-11-21,88301.98004,69997.6972,93131.93659,181433.9166
2018-11-22,88067.09519,69997.6972,92571.95388,180639.0491
2018-11-23,87640.21208,69470.8434,91636.20848,179276.4206
2018-11-26,88219.46467,69886.96387,92432.49891,180651.9636
2018-11-27,87997.48547,69793.914,92501.36714,180498.8526
2018-11-28,88555.30106,70321.54936,93495.31374,182050.6148
2018-11-29,88728.17991,70366.29735,93418.29652,182146.4764
2018-11-30,88533.9953,70306.73722,93332.19265,181866.1879
2018-12-03,89440.17637,71136.88628,94296.20911,183736.3855
2018-12-04,88746.38595,70421.75452,92940.51746,181686.9034
2018-12-05,89171.48746,70421.75452,93344.03643,182515.5239
2018-12-06,88351.13967,70175.27969,93754.17125,182105.3109
2018-12-07,88099.00318,69925.92303,93656.68439,181755.6876
2018-12-10,87719.76837,69571.41733,92720.6072,180440.3756
2018-12-11,87793.50895,69728.23349,93421.18901,181214.698
2018-12-12,88247.91236,70016.26566,93670.55812,181918.4705
2018-12-13,88202.67544,70117.23094,93578.45444,181781.1299
2018-12-14,87603.88421,69450.27388,92695.27973,180299.1639
2018-12-17,87163.18361,69050.1788,92443.69296,179606.8766
2018-12-18,87204.10417,68866.72857,92366.12475,179570.2289
2018-12-19,86708.92596,68498.25612,92178.10502,178887.031
2018-12-20,86707.67422,68460.65245,92250.04136,178957.7156
2018-12-21,85982.03806,67828.09946,91557.08482,177539.1229
2018-12-24,85711.76273,67483.25676,91746.18592,177457.9486
2018-12-26,85711.76273,68521.42722,93093.21242,178804.9751
2018-12-27,86840.40445,68706.79873,93255.74088,180096.1453
2018-12-28,87254.7391,68872.37823,93797.28998,181052.0291
2018-12-31,87297.0235,69117.46347,94151.81025,181448.8337
2019-01-02,87267.0235,69087.46347,94134.43294,181401.4564
2019-01-03,87249.73058,69061.0321,94138.4713,181388.2019
2019-01-04,87881.77025,69665.19454,93900.32282,181782.0931
2019-01-07,88144.80732,69904.14598,93456.95243,181601.7598
2019-01-08,88353.24363,70111.86012,93220.72757,181573.9712
2019-01-09,89253.83835,70819.13836,93814.11243,183067.9508
2019-01-10,89411.65122,70800.21896,93537.70541,182949.3566
2019-01-11,89271.31162,70662.30918,93549.83002,182821.1416
2019-01-14,89006.49772,70446.3947,93464.05157,182470.5493
2019-01-15,89441.60027,70757.78224,93938.7404,183380.3407
2019-01-16,89767.99568,70982.30663,94119.70214,183887.6978
2019-01-17,89946.22676,71045.46123,94197.04832,184143.2751
2019-01-18,90298.9749,71217.46605,94578.2176,184877.1925
2019-01-21,90428.6339,71217.46605,94541.18516,184969.8191
2019-01-22,89832.46509,70853.86656,94200.21275,184032.6778
2019-01-23,89905.35416,70916.34384,94715.87014,184621.2243
2019-01-24,90306.34291,71067.23118,94811.50533,185117.8482
2019-01-25,90754.62352,71672.05722,95685.77905,186440.4026
2019-01-28,90528.37851,71412.65957,94414.68032,184943.0588
2019-01-29,91120.34759,71711.60988,95091.74719,186212.0948
2019-01-30,91418.60549,72338.69727,96003.57678,187422.1823
2019-01-31,91818.93483,72554.33061,95343.64782,187162.5827
2019-02-01,91788.57507,72570.04412,95254.71443,187043.2895
2019-02-04,91783.94181,72491.89607,94957.13795,186741.0798
2019-02-05,92023.60203,72662.00236,95307.11814,187330.7202
2019-02-06,91864.09619,72376.01909,94986.28625,186850.3824
2019-02-07,91556.22336,72034.7934,95179.57466,186735.798
2019-02-08,91423.01956,72107.11106,95981.05254,187404.0721
2019-02-11,91235.76702,71917.51435,95463.30633,186699.0733
2019-02-12,91524.98095,72327.6671,96195.80035,187720.7813
2019-02-13,91571.84082,72289.16787,95628.44879,187200.2896
2019-02-14,92048.81883,72527.68894,96165.18602,188214.0048
2019-02-15,92610.57749,73023.80613,97099.75451,189710.332
2019-02-19,93274.98179,73555.26877,97343.0442,190618.026
2019-02-20,93576.76449,73664.52166,97302.72632,190879.4908
2019-02-21,93156.51905,73268.81278,96495.02873,189651.5478
2019-02-22,93367.84044,73596.95579,97334.92121,190702.7617
2019-02-25,93242.84212,73489.33239,96498.84092,189741.683
2019-02-26,93299.85737,73597.94614,97040.36025,190340.2176
2019-02-27,93225.95632,73447.18516,96671.18643,189897.1427
2019-02-28,92895.09442,73245.29892,96280.94355,189176.038
2019-03-01,92516.32541,72756.02204,95778.20811,188294.5335
2019-03-04,92512.33072,72750.72397,96639.14889,189151.4796
2019-03-05,92741.95133,72876.67134,97012.69539,189754.6467
2019-03-06,92755.81272,72716.10539,97099.9977,189855.8104
2019-03-07,92603.73335,72478.75531,97433.19306,190036.9264
2019-03-08,92548.74345,72642.76015,97666.0135,190214.7569
2019-03-11,93048.2915,72937.74496,97867.86432,190916.1558
2019-03-12,93118.46552,73185.83287,98029.49681,191147.9623
2019-03-13,93625.56537,73658.0962,98385.12168,192010.6871
2019-03-14,93592.65902,73346.97937,97514.80613,191107.4652
2019-03-15,93780.38401,73715.96341,98224.31414,192004.6982
2019-03-18,94240.21767,73923.23428,98620.98745,192861.2051
2019-03-19,94170.18396,73981.44545,98669.04948,192839.2334
2019-03-20,94192.11671,74298.35881,98980.27735,193172.3941
2019-03-21,94354.12047,74288.72679,98700.00606,193054.1265
2019-03-22,93874.99459,73738.61495,98551.66246,192426.6571
2019-03-25,94090.99317,73989.03273,99330.27433,193421.2675
2019-03-26,94298.63573,74137.33985,99284.727,193583.3627
2019-03-27,94088.83061,73869.55532,98830.8209,192919.6515
2019-03-28,93825.63423,73627.37536,98746.82357,192572.4578
2019-03-29,93886.8738,73896.44838,99246.62523,193133.499
2019-04-01,98856.8738,77617.6086,103596.2213,202453.0951
2019-04-02,98925.02379,77785.78946,103540.6633,202465.6871
2019-04-03,99006.7819,77850.05446,103875.3309,202882.1128
2019-04-04,99181.6137,77945.81416,103995.3072,203176.9209
2019-04-05,99516.75961,78164.08829,104463.9597,203980.7193
2019-04-08,99531.04888,78373.36776,104793.0323,204324.0812
2019-04-09,99506.48675,78372.51539,104342.0307,203848.5175
2019-04-10,99920.39509,78630.54046,104797.212,204717.6071
2019-04-11,99375.42356,78101.04162,104013.4018,203388.8254
2019-04-12,99568.77431,78231.60785,104657.4636,204226.2379
2019-04-15,99441.83698,78122.93004,104157.4,203599.237
2019-04-16,99585.4971,77984.73743,104249.9954,203835.4925
2019-04-17,99398.34571,77911.13462,104083.8213,203482.167
2019-04-18,99644.87915,77990.07562,104101.1533,203746.0325
2019-04-22,99693.95483,78066.00996,104459.3428,204153.2976
2019-04-23,99902.88198,78231.98642,104402.9325,204305.8145
2019-04-24,99911.41232,78140.6275,104924.8889,204836.3012
2019-04-25,99783.1905,78054.41014,105318.8177,205102.0082
2019-04-26,99927.39842,78200.22578,105398.2656,205325.664
2019-04-29,99853.68851,78151.18473,105191.4912,205045.1797
2019-04-30,99797.53163,78296.00956,105344.9282,205142.4598
2019-05-01,99594.15465,77930.04226,104331.9659,203926.1205
2019-05-02,98992.80578,77592.84119,104276.2396,203269.0454
2019-05-03,99362.23981,78105.20169,105201.4593,204563.6991
2019-05-06,99451.88005,77949.02439,105014.4803,204466.3603
2019-05-07,98770.7758,77434.09764,104140.3435,202911.1192
2019-05-08,98830.52806,77406.62471,104258.9818,203089.5098
2019-05-09,98581.61592,77279.51197,104113.2736,202694.8896
2019-05-10,98578.61403,77512.55134,104372.9727,202951.5867
2019-05-13,98114.22925,77037.39846,103533.6428,201647.872
2019-05-14,98508.73817,77363.69446,104255.3134,202764.0515
2019-05-15,98792.92302,77531.45647,104357.337,203150.26
2019-05-16,99096.76858,77543.46359,104230.819,203327.5875
2019-05-17,98837.52949,77083.54081,103769.8618,202607.3913
2019-05-20,98837.52949,76957.26214,103483.6582,202321.1876
2019-05-21,98453.53826,77125.58565,103558.0688,202011.6071
2019-05-22,98171.52289,76865.35993,103208.6585,201380.1814
2019-05-23,97663.0025,76553.62528,102861.2773,200524.2798
2019-05-24,97959.99689,76784.39725,103456.2266,201416.2235
2019-05-27,98184.23089,76784.39725,103159.8391,201344.07
2019-05-28,98059.24303,76566.74361,102890.3861,200949.6292
2019-05-29,97750.46909,76501.22713,103181.0297,200931.4988
2019-05-30,97725.15103,76602.3643,103505.1135,201230.2645
2019-05-31,97578.43688,76555.05586,103539.9435,201118.3804
2019-06-03,98040.89561,77015.91433,104127.0584,202167.954
2019-06-04,98399.54504,77381.09346,104011.7927,202411.3377
2019-06-05,98438.28036,77295.63299,103501.9476,201940.2279
2019-06-06,98774.66511,77593.72812,104130.7837,202905.4488
2019-06-07,99159.10782,78132.09336,104337.5963,203496.7041
2019-06-10,98830.41941,77916.74151,103386.9445,202217.3639
2019-06-11,98997.47012,77983.74428,103446.9938,202444.4639
2019-06-12,98785.64582,77785.37143,103300.5271,202086.173
2019-06-13,99012.08038,78144.13654,104189.5768,203201.6572
2019-06-14,99104.35455,77985.34132,103933.4082,203037.7628
2019-06-17,99225.81261,77953.60548,104527.9852,203753.7979
2019-06-18,100192.1537,78716.1388,105558.3391,205750.4928
2019-06-19,100394.8691,79125.91337,105822.9933,206217.8624
2019-06-20,101586.9992,80340.44986,106609.3652,208196.3645
2019-06-21,101518.3708,80444.25848,106050.4722,207568.843
2019-06-24,101981.8512,80881.64326,106767.0034,208748.8545
2019-06-25,101714.3178,80710.66686,106384.728,208099.0458
2019-06-26,101492.0095,80595.41512,106211.8603,207703.8698
2019-06-27,101542.8498,80749.59559,105951.5486,207494.3985
2019-06-28,101667.3868,80854.70348,105873.5746,207540.9614
2019-07-01,101642.3868,80834.70348,105815.8562,207458.243
2019-07-02,101835.6394,81212.59005,106648.373,208484.0124
2019-07-03,102509.3709,81482.12566,106708.9914,209218.3623
2019-07-04,102447.5435,81482.12566,106392.0229,208839.5664
2019-07-05,101786.3326,81025.36787,105725.1385,207511.4711
2019-07-08,101535.3354,80698.82575,105518.5539,207053.8894
2019-07-09,101686.4795,80766.95544,105821.6718,207508.1513
2019-07-10,102304.7395,81555.90888,107042.1304,209346.8699
2019-07-11,102127.1804,81263.40334,106235.6449,208362.8253
2019-07-12,102041.6151,81497.20188,106496.4734,208538.0884
2019-07-15,102048.1856,81463.29978,106171.1205,208219.306
2019-07-16,101751.0677,81018.22009,105708.5199,207459.5876
2019-07-17,101943.839,81277.44926,106363.7353,208307.5744
2019-07-18,102269.1661,81724.97888,106675.6147,208944.7808
2019-07-19,101944.4511,81213.76837,105867.0214,207811.4725
2019-07-22,102062.9677,81263.00317,106064.4702,208127.4378
2019-07-23,102238.7353,81284.14601,106693.5714,208932.3067
2019-07-24,102394.4232,81429.50429,106991.0406,209385.4637
2019-07-25,101830.4965,81015.06773,106476.4859,208306.9824
2019-07-26,102066.3802,81181.01797,106817.9795,208884.3597
2019-07-29,102255.0614,81449.89058,107261.3621,209516.4235
2019-07-30,102044.4489,81450.09585,107216.8323,209261.2812
2019-07-31,101662.7952,80849.80716,106298.09,207960.8852
2019-08-01,101348.5375,81059.93975,106942.383,208290.9205
2019-08-02,101307.5424,80816.89688,106790.642,208098.1844
2019-08-05,101307.5424,80455.15769,106224.1377,207531.6801
2019-08-06,101260.6759,80922.04491,106931.1946,208191.8704
2019-08-07,102000.2179,81287.16923,107951.7986,209952.0165
2019-08-08,102433.1007,81869.68916,108980.8412,211413.9419
2019-08-09,102232.1539,81676.86534,108042.1608,210274.3147
2019-08-12,102248.9622,81809.222,108130.5236,210379.4858
2019-08-13,102787.583,82150.78296,108736.4162,211523.9992
2019-08-14,101903.0829,81477.56428,107648.159,209551.2419
2019-08-15,102157.3185,81820.85182,108903.5514,211060.8698
2019-08-16,102509.69,81984.89131,109178.4561,211688.1461
2019-08-19,102539.1883,81895.1278,108649.4437,211188.632
2019-08-20,102496.8366,82064.30564,109373.6656,211870.5021
2019-08-21,102635.6753,82158.27445,109393.7468,212029.4222
2019-08-22,102228.5478,81910.21992,108825.9222,211054.47
2019-08-23,102082.1374,81927.17968,108924.6432,211006.7806
2019-08-26,102389.2062,82133.27385,109344.0291,211733.2353
2019-08-27,102948.3019,82548.73567,109395.2346,212343.5365
2019-08-28,103251.8529,82666.89022,109824.6219,213076.4749
2019-08-29,103445.3484,82799.66964,110181.5237,213626.8721
2019-08-30,103462.0653,82654.73228,109773.7471,213235.8124
2019-09-03,103664.1495,82850.03533,110463.9516,214128.1012
2019-09-04,104354.0671,83659.95591,111588.1589,215942.226
2019-09-05,103798.3905,83068.31289,109860.3384,213658.7289
2019-09-06,103584.3837,82938.71312,109719.6283,213304.012
2019-09-09,103544.2653,82931.61002,109204.3439,212748.6092
2019-09-10,103183.2958,82559.15482,108721.3255,211904.6213
2019-09-11,103543.4834,82769.25945,108805.9813,212349.4647
2019-09-12,103703.7032,82825.49413,109201.2706,212904.9738
2019-09-13,103594.836,82541.97893,109050.3309,212645.167
2019-09-16,104315.1158,83303.39391,110068.7769,214383.8927
2019-09-17,104352.529,83226.39033,110198.3981,214550.9271
2019-09-18,104115.9015,82924.02669,109783.1176,213899.0191
2019-09-19,104360.5556,83096.91796,110469.038,214829.5936
2019-09-20,104808.5614,83459.53553,110644.8072,215453.3686
2019-09-23,104946.4222,83643.45292,110961.4009,215907.8232
2019-09-24,104650.1937,83510.09769,110740.2312,215390.4249
2019-09-25,104024.978,82857.22191,109707.9302,213732.9082
2019-09-26,104192.2081,82891.65939,109889.4766,214081.6846
2019-09-27,103669.0524,82521.31406,109489.2786,213158.3309
2019-09-30,103212.495,82051.29756,108594.8954,211807.3904
2019-10-01,108182.495,85802.16213,113619.226,221801.721
2019-10-02,107822.7379,85543.77793,113063.2093,220885.9472
2019-10-03,108398.7151,85970.59624,114584.1857,222982.9008
2019-10-04,108711.4871,86343.6904,115153.9913,223865.4784
2019-10-07,108352.7363,85945.54121,114361.7108,222714.4471
2019-10-08,108055.0589,85748.83095,114066.5258,222121.5847
2019-10-09,108518.3909,86052.74677,114634.3034,223152.6943
2019-10-10,108383.6581,86103.1803,114818.5933,223202.2514
2019-10-11,108419.5505,86471.6033,114885.3105,223304.861
2019-10-14,108419.5505,86395.53712,114033.4725,222453.0231
2019-10-15,108254.833,86414.42696,114274.436,222529.269
2019-10-16,108319.1667,86656.84451,114404.3632,222723.5299
2019-10-17,108628.8739,86864.07248,114660.5802,223289.4541
2019-10-18,108391.7361,86746.22026,113948.1031,222339.8392
2019-10-21,108343.0918,86765.80711,113940.8576,222283.9495
2019-10-22,108568.4323,86878.34148,113694.213,222262.6453
2019-10-23,108731.4846,87227.05297,114215.0999,222946.5845
2019-10-24,109140.2185,87528.29288,114425.7348,223565.9533
2019-10-25,109358.0759,87700.49153,114629.8047,223987.8806
2019-10-28,109069.3219,87515.63946,114321.6837,223391.0056
2019-10-29,108940.0956,87359.67488,114053.2965,222993.3921
2019-10-30,109348.4209,87632.9687,114702.7926,224051.2135
2019-10-31,109580.7447,87778.89478,115564.4264,225145.1711
2019-11-01,110142.9168,88359.67198,116347.6025,226490.5193
2019-11-04,110486.3984,88460.39622,116236.9616,226723.36
2019-11-05,110020.8214,88010.83526,115748.3333,225769.1547
2019-11-06,110129.595,88081.65748,115836.1838,225965.7787
2019-11-07,109919.2146,87731.17821,115678.8227,225598.0373
2019-11-08,109934.8956,87554.04768,115808.6177,225743.5132
2019-11-11,109679.9155,87365.85289,115543.0893,225223.0048
2019-11-12,109625.1588,87406.9847,115656.9211,225282.0799
2019-11-13,109974.2985,87499.06895,115819.8952,225794.1937
2019-11-14,110107.2276,87605.43181,116093.8376,226201.0652
2019-11-15,110399.5771,87852.52556,116402.8411,226802.4182
2019-11-18,110323.0522,87886.6408,116207.2315,226530.2837
2019-11-19,110252.9364,87753.00416,115893.6395,226146.5759
2019-11-20,110368.1731,87839.97424,116575.0615,226943.2346
2019-11-21,110274.5562,87782.92692,116768.8456,227043.4018
2019-11-22,110210.4088,87751.02983,116515.8205,226726.2294
2019-11-25,110425.4999,87938.06172,116919.8136,227345.3135
2019-11-26,110455.76,88125.58653,117234.3479,227690.1079
2019-11-27,110595.6497,88042.27469,116823.2948,227418.9445
2019-11-28,110781.5576,88042.27469,116969.444,227751.0016
2019-11-29,110162.568,87673.98733,116428.4274,226590.9954
2019-12-02,109750.0937,87455.78045,116175.3844,225925.4781
2019-12-03,109926.3739,87718.24306,116691.5764,226617.9503
2019-12-04,110097.8253,88149.37003,117167.2625,227265.0879
2019-12-05,109926.4383,88165.45217,116314.0374,226240.4757
2019-12-06,110225.6647,88211.80376,116227.8737,226453.5384
2019-12-09,109909.3455,88068.25535,116688.6788,226598.0243
2019-12-10,110155.3988,88173.49451,116716.1333,226871.5322
2019-12-11,110313.7883,88586.0789,117208.2384,227522.0267
2019-12-12,110607.4439,88728.34217,116879.1869,227486.6307
2019-12-13,111054.5134,89110.4901,117204.3496,228258.8629
2019-12-16,111410.9553,89422.57214,117889.3487,229300.3041
2019-12-17,111563.343,89456.59855,117751.7238,229315.0668
2019-12-18,111432.5012,89467.12069,117731.573,229164.0743
2019-12-19,111599.9016,89624.88017,117533.1754,229133.077
2019-12-20,111724.809,89650.33641,117648.1335,229372.9425
2019-12-23,112001.4179,89803.55448,118059.3489,230060.7668
2019-12-24,112369.7206,90091.96968,118454.7282,230824.4488
2019-12-26,112369.7206,90578.22202,119155.653,231525.3736
2019-12-27,112751.0985,90638.75521,118809.2764,231560.3749
2019-12-30,112460.6738,90450.52005,118249.5852,230710.259
2019-12-31,112224.8182,90560.32552,118277.2148,230502.0331
2020-01-02,112199.8182,90530.32552,117444.9896,229644.8078
2020-01-03,112444.0257,90705.74817,117763.2754,230207.3011
2020-01-06,112762.7022,91035.79039,118224.5432,230987.2454
2020-01-07,112968.1836,91033.60024,118015.0542,230983.2378
2020-01-08,112606.9319,90708.02481,117948.5532,230555.4851
2020-01-09,112712.6778,90657.26263,118185.3424,230898.0201
2020-01-10,112788.5201,90762.22066,118558.1486,231346.6687
2020-01-13,112914.591,90737.31692,118551.9352,231466.5261
2020-01-14,112923.562,90748.57497,118477.7089,231401.2709
2020-01-15,113030.9676,90857.59129,118709.9883,231740.9558
2020-01-16,113347.9301,91081.75611,118752.3924,232100.3226
2020-01-17,113762.4001,91286.14514,119028.005,232790.4051
2020-01-20,113866.0413,91286.14514,119252.5691,233118.6104
2020-01-21,113399.6753,90940.12316,118635.0317,232034.707
2020-01-22,113441.4704,90885.95099,118819.7516,232261.222
2020-01-23,113448.3248,90755.57492,119243.7493,232692.0741
2020-01-24,113396.4164,90566.52692,118886.6829,232283.0993
2020-01-27,112694.0897,89840.47246,118221.0748,230915.1645
2020-01-28,112727.8184,89974.11293,118655.1655,231382.9839
2020-01-29,112997.8618,90166.63395,118695.3615,231693.2233
2020-01-30,112682.2042,90031.25095,118814.2421,231496.4463
2020-01-31,111958.4994,89483.53707,118219.3887,230177.8881
2020-02-03,112073.1695,89319.2678,118262.2883,230335.4578
2020-02-04,112382.222,89532.00142,119023.8376,231406.0596
2020-02-05,112891.7894,89983.76693,119520.0419,232411.8313
2020-02-06,113411.0421,90241.37566,119879.3558,233290.3979
2020-02-07,113040.2418,89956.28283,119497.9275,232538.1694
2020-02-10,113347.7266,90159.03162,119998.0679,233345.7945
2020-02-11,113357.5075,90322.40206,120282.3399,233639.8474
2020-02-12,113784.8699,90684.28359,120523.0448,234307.9147
2020-02-13,113731.7211,90666.21362,120188.0432,233919.7643
2020-02-14,113919.4756,90835.42053,120483.196,234402.6716
2020-02-18,114264.3147,91058.96492,120516.5435,234780.8581
2020-02-19,114739.321,91525.51947,121305.1735,236044.4946
2020-02-20,114892.6826,91489.5913,120952.8958,235845.5784
2020-02-21,115044.7843,91656.46846,121534.6393,236579.4236
2020-02-24,113743.8896,90425.72779,119841.2151,233585.1047
2020-02-25,111973.0522,89065.18563,118344.4748,230317.527
2020-02-26,112135.9559,89068.39119,118275.6945,230411.6503
2020-02-27,111271.2299,87727.37623,117074.815,228346.045
2020-02-28,108630.7066,86489.71748,115776.8611,224407.5677
2020-03-02,109555.6218,87688.55514,117564.9266,227120.5484
2020-03-03,110301.5271,88184.90579,117507.2683,227808.7954
2020-03-04,111666.8153,89215.21819,119348.5478,231015.363
2020-03-05,111422.7302,88827.65944,118892.2663,230314.9964
2020-03-06,110121.0706,87953.34183,117802.9493,227924.0199
2020-03-09,105197.0918,84237.76895,114750.3777,219947.4695
2020-03-10,106789.6683,85083.6762,116207.2869,222996.9553
2020-03-11,104004.1392,82859.08877,113780.4461,217784.5853
2020-03-12,96462.22169,77263.71197,106415.3124,202877.5341
2020-03-13,99434.8295,79507.34278,110855.4945,210290.324
2020-03-16,93629.57827,75682.79709,104425.6139,198055.1921
2020-03-17,96101.71749,76807.6701,107612.1531,203713.8706
2020-03-18,90952.79648,73545.36341,104722.7165,195675.513
2020-03-19,93120.35932,73644.82761,106379.9512,199500.3106
2020-03-20,92964.97922,73651.71477,106781.7322,199746.7114
2020-03-23,92831.64323,74693.39153,108002.1639,200833.8071
2020-03-24,98758.72033,78135.70524,113116.2799,211875.0002
2020-03-25,99702.81236,78780.65924,113751.393,213454.2054
2020-03-26,100564.0627,80473.42066,114409.868,214973.9308
2020-03-27,98675.76044,79174.06762,111139.8095,209815.57
2020-03-30,99841.62833,79829.26654,112135.3746,211977.0029
2020-03-31,99351.38547,78519.38437,111330.283,210681.6685
2020-04-01,104321.3855,82041.02533,115497.3521,219818.7376
2020-04-02,106822.8867,84065.88203,118964.995,225787.8817
2020-04-03,108037.4049,84703.71874,119680.4263,227717.8312
2020-04-06,110177.9924,86377.96753,123105.8781,233283.8705
2020-04-07,108943.3381,85866.70762,121177.671,230121.0092
2020-04-08,109574.0194,86501.48369,121223.1767,230797.1961
2020-04-09,110710.8129,87365.71087,122345.1955,233056.0084
2020-04-13,111321.748,87546.96855,122289.1055,233610.8534
2020-04-14,111107.416,88025.68665,122118.9178,233226.3338
2020-04-15,110745.8431,87046.25679,120828.0398,231573.8829
2020-04-16,110400.9179,87043.79231,122898.0058,233298.9237
2020-04-17,110047.1238,86869.99179,121961.1229,232008.2467
2020-04-20,109163.8242,86112.40231,120970.7077,230134.5319
2020-04-21,107704.8429,84088.23012,118809.9419,226514.7849
2020-04-22,108844.5881,84802.84409,120326.7566,229171.3447
2020-04-23,108693.7913,85238.53343,120900.6329,229594.4242
2020-04-24,108612.5677,85235.34523,119883.5115,228496.0792
2020-04-27,108498.2901,84904.26065,119782.9292,228281.2193
2020-04-28,108835.9969,84836.2481,119077.855,227913.8518
2020-04-29,110042.3743,85878.11111,120083.3672,230125.7415
2020-04-30,108478.0883,85045.47033,117994.6329,226472.7212
2020-05-01,108195.2131,84427.53842,117800.9015,225996.1147
2020-05-04,108245.7978,84820.66594,119894.0072,228139.805
2020-05-05,108531.4337,85345.97844,120198.7172,228730.1508
2020-05-06,107891.0986,84624.37242,118831.235,226722.3336
2020-05-07,108773.319,85391.06427,120938.5142,229711.8333
2020-05-08,108823.8271,85812.28758,119875.4757,228699.3028
2020-05-11,108774.2234,85453.636,118986.5007,227760.7242
2020-05-12,108689.572,85278.81452,119543.8453,228233.4173
2020-05-13,108618.105,85246.65571,120034.963,228653.068
2020-05-14,108839.5842,85753.98157,120818.7866,229658.3708
2020-05-15,109281.4612,86036.19819,120734.601,230016.0621
2020-05-18,109281.4612,87042.12514,122651.0634,231932.5245
2020-05-19,109715.3445,87064.83552,121359.6774,231075.022
2020-05-20,110273.4384,87814.02024,122395.1832,232668.6216
2020-05-21,109378.0834,87357.11118,121465.6953,230843.7787
2020-05-22,109466.5533,87210.51158,121632.5049,231099.0582
2020-05-25,110091.41,87210.51158,121971.7467,232063.1567
2020-05-26,109611.7672,87370.86034,122072.8153,231684.5825
2020-05-27,109811.0653,87604.74682,120741.2426,230552.3079
2020-05-28,110011.8815,87708.34548,120641.0799,230652.9615
2020-05-29,110310.0759,88286.97231,121606.4793,231916.5551